run_id,check_id,dataset,severity,records_checked,records_failed,status
DEMO-20260914-001,DQ-ORD-001,orders,CRITICAL,5000,0,PASS
DEMO-20260914-001,DQ-ORD-002,orders,CRITICAL,5000,0,PASS
DEMO-20260914-001,DQ-ORD-003,orders,WARNING,5000,0,PASS
DEMO-20260914-002,DQ-ORD-001,orders,CRITICAL,5000,187,FAIL
DEMO-20260914-002,DQ-ORD-002,orders,CRITICAL,5000,0,PASS
DEMO-20260914-002,DQ-ORD-003,orders,WARNING,5000,4,FAIL
DEMO-20260914-003,DQ-ORD-001,orders,CRITICAL,5000,0,PASS
DEMO-20260914-003,DQ-ORD-002,orders,CRITICAL,5000,0,PASS
DEMO-20260914-003,DQ-ORD-003,orders,WARNING,5000,0,PASS
