customer_id,first_name,last_name,email,signup_date,customer_segment,city
CUST-000001,Mateo,Gomez,mateo.gomez.1@example.com,2024-07-17,STANDARD,Córdoba
CUST-000002,Mateo,Torres,mateo.torres.2@example.com,2023-06-28,STANDARD,Buenos Aires
CUST-000003,Lucia,Fernandez,lucia.fernandez.3@example.com,2024-03-23,STANDARD,La Plata
CUST-000004,Lucia,Torres,lucia.torres.4@example.com,2024-02-12,PREMIUM,La Plata
CUST-000005,Valentina,Lopez,valentina.lopez.5@example.com,2025-07-08,STANDARD,Buenos Aires
CUST-000006,Sofia,Sanchez,sofia.sanchez.6@example.com,2024-11-27,STANDARD,Córdoba
CUST-000007,Nicolas,Fernandez,nicolas.fernandez.7@example.com,2023-07-09,STANDARD,Rosario
CUST-000008,Nicolas,Acosta,nicolas.acosta.8@example.com,2024-06-25,PREMIUM,Mendoza
CUST-000009,Agustin,Fernandez,agustin.fernandez.9@example.com,2025-02-14,STANDARD,Rosario
CUST-000010,Paula,Diaz,paula.diaz.10@example.com,2026-03-28,STANDARD,Buenos Aires
CUST-000011,Lucia,Lopez,lucia.lopez.11@example.com,2024-08-15,BUSINESS,Córdoba
CUST-000012,Mateo,Sanchez,mateo.sanchez.12@example.com,2024-07-23,STANDARD,Rosario
CUST-000013,Sofia,Diaz,sofia.diaz.13@example.com,2024-12-28,STANDARD,Rosario
CUST-000014,Mateo,Acosta,mateo.acosta.14@example.com,2026-07-24,STANDARD,Córdoba
CUST-000015,Sofia,Romero,sofia.romero.15@example.com,2025-02-16,STANDARD,La Plata
CUST-000016,Juan,Diaz,juan.diaz.16@example.com,2023-04-25,STANDARD,Buenos Aires
CUST-000017,Nicolas,Sanchez,nicolas.sanchez.17@example.com,2024-07-02,STANDARD,La Plata
CUST-000018,Nicolas,Lopez,nicolas.lopez.18@example.com,2025-10-19,STANDARD,Mendoza
CUST-000019,Sofia,Martinez,sofia.martinez.19@example.com,2023-10-13,STANDARD,La Plata
CUST-000020,Agustin,Martinez,agustin.martinez.20@example.com,2026-04-12,STANDARD,La Plata
CUST-000021,Valentina,Diaz,valentina.diaz.21@example.com,2024-03-25,BUSINESS,Córdoba
CUST-000022,Agustin,Romero,agustin.romero.22@example.com,2023-07-06,PREMIUM,Buenos Aires
CUST-000023,Sofia,Rodriguez,sofia.rodriguez.23@example.com,2025-05-14,STANDARD,Mendoza
CUST-000024,Valentina,Acosta,valentina.acosta.24@example.com,2025-08-16,STANDARD,La Plata
CUST-000025,Lucia,Fernandez,lucia.fernandez.25@example.com,2026-01-04,PREMIUM,Rosario
CUST-000026,Mateo,Martinez,mateo.martinez.26@example.com,2025-06-09,STANDARD,Buenos Aires
CUST-000027,Camila,Torres,camila.torres.27@example.com,2024-01-01,STANDARD,Buenos Aires
CUST-000028,Camila,Torres,camila.torres.28@example.com,2026-06-01,STANDARD,Rosario
CUST-000029,Sofia,Torres,sofia.torres.29@example.com,2025-12-22,PREMIUM,La Plata
CUST-000030,Nicolas,Romero,nicolas.romero.30@example.com,2023-02-09,STANDARD,Rosario
CUST-000031,Camila,Lopez,camila.lopez.31@example.com,2023-04-29,STANDARD,La Plata
CUST-000032,Mateo,Fernandez,mateo.fernandez.32@example.com,2025-09-22,PREMIUM,La Plata
CUST-000033,Sofia,Rodriguez,sofia.rodriguez.33@example.com,2025-08-31,PREMIUM,Córdoba
CUST-000034,Camila,Torres,camila.torres.34@example.com,2026-05-27,STANDARD,Córdoba
CUST-000035,Agustin,Lopez,agustin.lopez.35@example.com,2024-09-30,STANDARD,Rosario
CUST-000036,Martin,Torres,martin.torres.36@example.com,2025-07-13,STANDARD,Córdoba
CUST-000037,Mateo,Diaz,mateo.diaz.37@example.com,2023-02-13,STANDARD,Córdoba
CUST-000038,Paula,Lopez,paula.lopez.38@example.com,2023-01-15,STANDARD,Buenos Aires
CUST-000039,Juan,Fernandez,juan.fernandez.39@example.com,2023-03-06,PREMIUM,Buenos Aires
CUST-000040,Agustin,Lopez,agustin.lopez.40@example.com,2024-07-24,STANDARD,Córdoba
CUST-000041,Agustin,Rodriguez,agustin.rodriguez.41@example.com,2026-03-15,STANDARD,Córdoba
CUST-000042,Martin,Sanchez,martin.sanchez.42@example.com,2024-01-25,STANDARD,Mendoza
CUST-000043,Nicolas,Sanchez,nicolas.sanchez.43@example.com,2025-04-21,STANDARD,Buenos Aires
CUST-000044,Mateo,Gomez,mateo.gomez.44@example.com,2025-04-04,PREMIUM,Buenos Aires
CUST-000045,Juan,Lopez,juan.lopez.45@example.com,2024-01-25,STANDARD,Córdoba
CUST-000046,Valentina,Rodriguez,valentina.rodriguez.46@example.com,2024-07-24,STANDARD,Buenos Aires
CUST-000047,Martin,Torres,martin.torres.47@example.com,2023-07-20,STANDARD,La Plata
CUST-000048,Lucia,Fernandez,lucia.fernandez.48@example.com,2024-04-29,STANDARD,Mendoza
CUST-000049,Martin,Lopez,martin.lopez.49@example.com,2025-04-01,PREMIUM,Córdoba
CUST-000050,Valentina,Gomez,valentina.gomez.50@example.com,2025-03-10,STANDARD,Mendoza
CUST-000051,Camila,Sanchez,camila.sanchez.51@example.com,2026-02-12,STANDARD,Mendoza
CUST-000052,Sofia,Lopez,sofia.lopez.52@example.com,2024-08-30,STANDARD,Buenos Aires
CUST-000053,Paula,Torres,paula.torres.53@example.com,2023-05-05,PREMIUM,Buenos Aires
CUST-000054,Lucia,Acosta,lucia.acosta.54@example.com,2025-09-03,STANDARD,La Plata
CUST-000055,Sofia,Gomez,sofia.gomez.55@example.com,2025-11-06,STANDARD,Córdoba
CUST-000056,Mateo,Acosta,mateo.acosta.56@example.com,2023-05-20,STANDARD,Córdoba
CUST-000057,Valentina,Fernandez,valentina.fernandez.57@example.com,2026-03-12,STANDARD,La Plata
CUST-000058,Lucia,Acosta,lucia.acosta.58@example.com,2023-06-17,STANDARD,La Plata
CUST-000059,Paula,Torres,paula.torres.59@example.com,2024-10-09,PREMIUM,Córdoba
CUST-000060,Nicolas,Lopez,nicolas.lopez.60@example.com,2024-06-27,STANDARD,Rosario
CUST-000061,Martin,Diaz,martin.diaz.61@example.com,2023-05-29,STANDARD,La Plata
CUST-000062,Paula,Fernandez,paula.fernandez.62@example.com,2023-05-31,STANDARD,La Plata
CUST-000063,Camila,Rodriguez,camila.rodriguez.63@example.com,2024-12-15,PREMIUM,Córdoba
CUST-000064,Nicolas,Martinez,nicolas.martinez.64@example.com,2023-11-20,STANDARD,La Plata
CUST-000065,Camila,Acosta,camila.acosta.65@example.com,2025-12-19,STANDARD,La Plata
CUST-000066,Camila,Fernandez,camila.fernandez.66@example.com,2023-10-03,STANDARD,Buenos Aires
CUST-000067,Agustin,Rodriguez,agustin.rodriguez.67@example.com,2024-07-11,STANDARD,Córdoba
CUST-000068,Nicolas,Lopez,nicolas.lopez.68@example.com,2026-07-22,PREMIUM,La Plata
CUST-000069,Martin,Martinez,martin.martinez.69@example.com,2023-04-15,STANDARD,Mendoza
CUST-000070,Camila,Gomez,camila.gomez.70@example.com,2023-01-08,STANDARD,Córdoba
CUST-000071,Camila,Rodriguez,camila.rodriguez.71@example.com,2025-06-23,STANDARD,Mendoza
CUST-000072,Agustin,Gomez,agustin.gomez.72@example.com,2023-08-18,STANDARD,Córdoba
CUST-000073,Agustin,Gomez,agustin.gomez.73@example.com,2025-01-26,STANDARD,Córdoba
CUST-000074,Valentina,Rodriguez,valentina.rodriguez.74@example.com,2023-03-27,STANDARD,Buenos Aires
CUST-000075,Nicolas,Lopez,nicolas.lopez.75@example.com,2024-05-26,STANDARD,Rosario
CUST-000076,Agustin,Sanchez,agustin.sanchez.76@example.com,2026-06-25,PREMIUM,Córdoba
CUST-000077,Sofia,Rodriguez,sofia.rodriguez.77@example.com,2025-04-24,STANDARD,Rosario
CUST-000078,Valentina,Lopez,valentina.lopez.78@example.com,2024-06-30,STANDARD,Buenos Aires
CUST-000079,Valentina,Gomez,valentina.gomez.79@example.com,2025-08-21,STANDARD,Mendoza
CUST-000080,Nicolas,Martinez,nicolas.martinez.80@example.com,2024-04-11,STANDARD,Córdoba
CUST-000081,Valentina,Diaz,valentina.diaz.81@example.com,2024-07-24,PREMIUM,Rosario
CUST-000082,Nicolas,Torres,nicolas.torres.82@example.com,2025-03-29,STANDARD,La Plata
CUST-000083,Nicolas,Gomez,nicolas.gomez.83@example.com,2023-08-25,PREMIUM,Rosario
CUST-000084,Sofia,Acosta,sofia.acosta.84@example.com,2024-06-27,STANDARD,La Plata
CUST-000085,Valentina,Diaz,valentina.diaz.85@example.com,2024-10-04,STANDARD,La Plata
CUST-000086,Mateo,Sanchez,mateo.sanchez.86@example.com,2026-03-26,STANDARD,Buenos Aires
CUST-000087,Valentina,Gomez,valentina.gomez.87@example.com,2025-11-30,PREMIUM,La Plata
CUST-000088,Juan,Diaz,juan.diaz.88@example.com,2025-06-02,STANDARD,Rosario
CUST-000089,Paula,Diaz,paula.diaz.89@example.com,2023-09-13,PREMIUM,Rosario
CUST-000090,Agustin,Martinez,agustin.martinez.90@example.com,2025-04-16,STANDARD,Rosario
CUST-000091,Agustin,Rodriguez,agustin.rodriguez.91@example.com,2024-01-28,STANDARD,Mendoza
CUST-000092,Sofia,Acosta,sofia.acosta.92@example.com,2026-03-11,STANDARD,La Plata
CUST-000093,Lucia,Martinez,lucia.martinez.93@example.com,2024-08-10,STANDARD,La Plata
CUST-000094,Paula,Diaz,paula.diaz.94@example.com,2025-08-10,STANDARD,Córdoba
CUST-000095,Agustin,Romero,agustin.romero.95@example.com,2023-12-14,STANDARD,Rosario
CUST-000096,Agustin,Acosta,agustin.acosta.96@example.com,2024-11-17,STANDARD,Córdoba
CUST-000097,Camila,Lopez,camila.lopez.97@example.com,2024-02-12,STANDARD,Buenos Aires
CUST-000098,Juan,Romero,juan.romero.98@example.com,2026-06-05,PREMIUM,Buenos Aires
CUST-000099,Martin,Sanchez,martin.sanchez.99@example.com,2026-07-13,STANDARD,Mendoza
CUST-000100,Martin,Sanchez,martin.sanchez.100@example.com,2024-05-14,STANDARD,Buenos Aires
CUST-000101,Mateo,Sanchez,mateo.sanchez.101@example.com,2024-03-24,STANDARD,La Plata
CUST-000102,Martin,Gomez,martin.gomez.102@example.com,2026-02-15,STANDARD,Buenos Aires
CUST-000103,Martin,Rodriguez,martin.rodriguez.103@example.com,2025-08-09,STANDARD,La Plata
CUST-000104,Paula,Diaz,paula.diaz.104@example.com,2025-06-25,STANDARD,La Plata
CUST-000105,Valentina,Torres,valentina.torres.105@example.com,2025-07-02,PREMIUM,Mendoza
CUST-000106,Martin,Martinez,martin.martinez.106@example.com,2024-05-21,PREMIUM,Rosario
CUST-000107,Agustin,Romero,agustin.romero.107@example.com,2026-07-07,STANDARD,Mendoza
CUST-000108,Mateo,Martinez,mateo.martinez.108@example.com,2024-04-25,STANDARD,Rosario
CUST-000109,Agustin,Fernandez,agustin.fernandez.109@example.com,2023-10-11,STANDARD,Mendoza
CUST-000110,Sofia,Lopez,sofia.lopez.110@example.com,2023-05-12,STANDARD,Rosario
CUST-000111,Agustin,Romero,agustin.romero.111@example.com,2025-05-01,STANDARD,Mendoza
CUST-000112,Valentina,Acosta,valentina.acosta.112@example.com,2023-02-10,PREMIUM,La Plata
CUST-000113,Valentina,Romero,valentina.romero.113@example.com,2023-01-13,PREMIUM,Rosario
CUST-000114,Valentina,Sanchez,valentina.sanchez.114@example.com,2026-01-07,PREMIUM,La Plata
CUST-000115,Paula,Lopez,paula.lopez.115@example.com,2025-09-26,STANDARD,Mendoza
CUST-000116,Martin,Gomez,martin.gomez.116@example.com,2025-03-07,STANDARD,Mendoza
CUST-000117,Sofia,Romero,sofia.romero.117@example.com,2023-09-19,BUSINESS,La Plata
CUST-000118,Lucia,Sanchez,lucia.sanchez.118@example.com,2026-04-27,STANDARD,Buenos Aires
CUST-000119,Mateo,Sanchez,mateo.sanchez.119@example.com,2023-10-05,PREMIUM,Córdoba
CUST-000120,Lucia,Martinez,lucia.martinez.120@example.com,2025-02-15,STANDARD,Mendoza
CUST-000121,Nicolas,Diaz,nicolas.diaz.121@example.com,2025-02-15,STANDARD,Mendoza
CUST-000122,Camila,Fernandez,camila.fernandez.122@example.com,2025-08-21,STANDARD,La Plata
CUST-000123,Lucia,Diaz,lucia.diaz.123@example.com,2024-04-04,STANDARD,Buenos Aires
CUST-000124,Lucia,Lopez,lucia.lopez.124@example.com,2024-02-13,PREMIUM,La Plata
CUST-000125,Sofia,Lopez,sofia.lopez.125@example.com,2023-09-16,STANDARD,Buenos Aires
CUST-000126,Paula,Lopez,paula.lopez.126@example.com,2025-08-10,STANDARD,Rosario
CUST-000127,Sofia,Acosta,sofia.acosta.127@example.com,2026-05-28,BUSINESS,Buenos Aires
CUST-000128,Sofia,Martinez,sofia.martinez.128@example.com,2023-08-10,STANDARD,Rosario
CUST-000129,Paula,Sanchez,paula.sanchez.129@example.com,2025-03-23,PREMIUM,Córdoba
CUST-000130,Mateo,Acosta,mateo.acosta.130@example.com,2026-07-08,STANDARD,Rosario
CUST-000131,Paula,Fernandez,paula.fernandez.131@example.com,2026-03-05,PREMIUM,Rosario
CUST-000132,Agustin,Sanchez,agustin.sanchez.132@example.com,2025-01-28,STANDARD,Rosario
CUST-000133,Lucia,Sanchez,lucia.sanchez.133@example.com,2025-09-30,STANDARD,Rosario
CUST-000134,Martin,Rodriguez,martin.rodriguez.134@example.com,2025-06-10,STANDARD,La Plata
CUST-000135,Camila,Acosta,camila.acosta.135@example.com,2026-01-07,PREMIUM,Mendoza
CUST-000136,Valentina,Acosta,valentina.acosta.136@example.com,2024-07-03,STANDARD,Córdoba
CUST-000137,Mateo,Martinez,mateo.martinez.137@example.com,2025-07-12,STANDARD,Mendoza
CUST-000138,Paula,Acosta,paula.acosta.138@example.com,2025-02-15,STANDARD,Mendoza
CUST-000139,Nicolas,Rodriguez,nicolas.rodriguez.139@example.com,2025-09-25,STANDARD,Rosario
CUST-000140,Nicolas,Martinez,nicolas.martinez.140@example.com,2026-05-05,PREMIUM,Rosario
CUST-000141,Agustin,Gomez,agustin.gomez.141@example.com,2025-11-24,PREMIUM,Buenos Aires
CUST-000142,Juan,Sanchez,juan.sanchez.142@example.com,2025-09-27,STANDARD,Córdoba
CUST-000143,Martin,Romero,martin.romero.143@example.com,2025-07-06,PREMIUM,Buenos Aires
CUST-000144,Camila,Lopez,camila.lopez.144@example.com,2025-04-08,STANDARD,Rosario
CUST-000145,Paula,Diaz,paula.diaz.145@example.com,2025-08-27,STANDARD,Rosario
CUST-000146,Valentina,Torres,valentina.torres.146@example.com,2024-11-08,STANDARD,Mendoza
CUST-000147,Camila,Martinez,camila.martinez.147@example.com,2024-05-29,STANDARD,Córdoba
CUST-000148,Nicolas,Fernandez,nicolas.fernandez.148@example.com,2026-01-02,BUSINESS,Córdoba
CUST-000149,Juan,Lopez,juan.lopez.149@example.com,2025-09-18,STANDARD,La Plata
CUST-000150,Agustin,Acosta,agustin.acosta.150@example.com,2024-08-02,BUSINESS,Córdoba
CUST-000151,Camila,Lopez,camila.lopez.151@example.com,2025-01-09,STANDARD,Buenos Aires
CUST-000152,Agustin,Rodriguez,agustin.rodriguez.152@example.com,2024-07-15,STANDARD,Buenos Aires
CUST-000153,Agustin,Martinez,agustin.martinez.153@example.com,2023-09-16,STANDARD,Mendoza
CUST-000154,Mateo,Gomez,mateo.gomez.154@example.com,2026-03-21,STANDARD,Mendoza
CUST-000155,Martin,Diaz,martin.diaz.155@example.com,2024-01-13,BUSINESS,Rosario
CUST-000156,Martin,Fernandez,martin.fernandez.156@example.com,2023-05-14,STANDARD,Buenos Aires
CUST-000157,Paula,Gomez,paula.gomez.157@example.com,2023-11-07,STANDARD,La Plata
CUST-000158,Camila,Fernandez,camila.fernandez.158@example.com,2024-05-23,STANDARD,Mendoza
CUST-000159,Paula,Acosta,paula.acosta.159@example.com,2026-06-20,STANDARD,La Plata
CUST-000160,Valentina,Romero,valentina.romero.160@example.com,2025-06-25,STANDARD,La Plata
CUST-000161,Valentina,Martinez,valentina.martinez.161@example.com,2026-03-10,STANDARD,La Plata
CUST-000162,Mateo,Lopez,mateo.lopez.162@example.com,2026-07-05,STANDARD,Buenos Aires
CUST-000163,Sofia,Lopez,sofia.lopez.163@example.com,2023-12-22,STANDARD,Córdoba
CUST-000164,Lucia,Sanchez,lucia.sanchez.164@example.com,2025-07-11,STANDARD,Mendoza
CUST-000165,Camila,Gomez,camila.gomez.165@example.com,2024-04-19,STANDARD,Rosario
CUST-000166,Martin,Fernandez,martin.fernandez.166@example.com,2024-04-23,PREMIUM,La Plata
CUST-000167,Juan,Sanchez,juan.sanchez.167@example.com,2023-08-24,STANDARD,Córdoba
CUST-000168,Camila,Rodriguez,camila.rodriguez.168@example.com,2023-05-27,STANDARD,Rosario
CUST-000169,Paula,Acosta,paula.acosta.169@example.com,2024-08-14,STANDARD,Mendoza
CUST-000170,Camila,Sanchez,camila.sanchez.170@example.com,2024-07-11,STANDARD,Mendoza
CUST-000171,Martin,Fernandez,martin.fernandez.171@example.com,2026-05-09,STANDARD,Mendoza
CUST-000172,Nicolas,Acosta,nicolas.acosta.172@example.com,2024-05-27,STANDARD,Córdoba
CUST-000173,Paula,Acosta,paula.acosta.173@example.com,2023-02-12,BUSINESS,Rosario
CUST-000174,Paula,Gomez,paula.gomez.174@example.com,2023-12-25,STANDARD,Mendoza
CUST-000175,Camila,Rodriguez,camila.rodriguez.175@example.com,2026-04-13,STANDARD,Mendoza
CUST-000176,Mateo,Romero,mateo.romero.176@example.com,2024-12-13,STANDARD,Rosario
CUST-000177,Mateo,Rodriguez,mateo.rodriguez.177@example.com,2024-11-06,STANDARD,Mendoza
CUST-000178,Camila,Sanchez,camila.sanchez.178@example.com,2026-01-31,STANDARD,Buenos Aires
CUST-000179,Nicolas,Martinez,nicolas.martinez.179@example.com,2024-10-24,STANDARD,Mendoza
CUST-000180,Agustin,Gomez,agustin.gomez.180@example.com,2026-01-16,STANDARD,Buenos Aires
CUST-000181,Juan,Torres,juan.torres.181@example.com,2025-01-10,STANDARD,Mendoza
CUST-000182,Martin,Gomez,martin.gomez.182@example.com,2024-02-21,STANDARD,Córdoba
CUST-000183,Camila,Romero,camila.romero.183@example.com,2025-09-19,STANDARD,La Plata
CUST-000184,Juan,Rodriguez,juan.rodriguez.184@example.com,2024-09-28,STANDARD,La Plata
CUST-000185,Valentina,Fernandez,valentina.fernandez.185@example.com,2024-04-05,BUSINESS,Buenos Aires
CUST-000186,Martin,Fernandez,martin.fernandez.186@example.com,2026-08-19,PREMIUM,Mendoza
CUST-000187,Camila,Torres,camila.torres.187@example.com,2024-07-13,STANDARD,Mendoza
CUST-000188,Martin,Lopez,martin.lopez.188@example.com,2025-07-24,STANDARD,Mendoza
CUST-000189,Juan,Acosta,juan.acosta.189@example.com,2025-11-06,PREMIUM,Córdoba
CUST-000190,Mateo,Martinez,mateo.martinez.190@example.com,2025-04-29,STANDARD,La Plata
CUST-000191,Camila,Gomez,camila.gomez.191@example.com,2024-08-02,PREMIUM,La Plata
CUST-000192,Paula,Romero,paula.romero.192@example.com,2023-11-01,STANDARD,Mendoza
CUST-000193,Nicolas,Diaz,nicolas.diaz.193@example.com,2026-02-04,PREMIUM,Mendoza
CUST-000194,Martin,Diaz,martin.diaz.194@example.com,2024-01-22,BUSINESS,Córdoba
CUST-000195,Paula,Sanchez,paula.sanchez.195@example.com,2024-04-23,PREMIUM,Mendoza
CUST-000196,Lucia,Diaz,lucia.diaz.196@example.com,2025-08-26,PREMIUM,Mendoza
CUST-000197,Valentina,Rodriguez,valentina.rodriguez.197@example.com,2025-10-11,BUSINESS,Córdoba
CUST-000198,Agustin,Acosta,agustin.acosta.198@example.com,2024-11-10,PREMIUM,Mendoza
CUST-000199,Mateo,Torres,mateo.torres.199@example.com,2025-07-24,STANDARD,Córdoba
CUST-000200,Valentina,Rodriguez,valentina.rodriguez.200@example.com,2023-06-03,STANDARD,Rosario
CUST-000201,Nicolas,Acosta,nicolas.acosta.201@example.com,2025-03-25,STANDARD,Rosario
CUST-000202,Agustin,Sanchez,agustin.sanchez.202@example.com,2024-10-10,STANDARD,Mendoza
CUST-000203,Agustin,Gomez,agustin.gomez.203@example.com,2026-06-18,STANDARD,Rosario
CUST-000204,Juan,Fernandez,juan.fernandez.204@example.com,2025-06-07,BUSINESS,Buenos Aires
CUST-000205,Martin,Rodriguez,martin.rodriguez.205@example.com,2024-09-05,PREMIUM,Buenos Aires
CUST-000206,Nicolas,Gomez,nicolas.gomez.206@example.com,2024-08-23,STANDARD,Mendoza
CUST-000207,Sofia,Lopez,sofia.lopez.207@example.com,2025-12-23,STANDARD,Córdoba
CUST-000208,Sofia,Rodriguez,sofia.rodriguez.208@example.com,2023-06-11,STANDARD,Mendoza
CUST-000209,Paula,Lopez,paula.lopez.209@example.com,2025-10-16,PREMIUM,Córdoba
CUST-000210,Juan,Romero,juan.romero.210@example.com,2026-07-30,STANDARD,Rosario
CUST-000211,Lucia,Romero,lucia.romero.211@example.com,2024-08-12,STANDARD,Córdoba
CUST-000212,Mateo,Romero,mateo.romero.212@example.com,2024-12-08,BUSINESS,Rosario
CUST-000213,Valentina,Martinez,valentina.martinez.213@example.com,2025-07-24,PREMIUM,Córdoba
CUST-000214,Valentina,Romero,valentina.romero.214@example.com,2023-08-07,STANDARD,La Plata
CUST-000215,Nicolas,Acosta,nicolas.acosta.215@example.com,2024-08-28,BUSINESS,Rosario
CUST-000216,Lucia,Sanchez,lucia.sanchez.216@example.com,2024-07-16,STANDARD,Buenos Aires
CUST-000217,Paula,Romero,paula.romero.217@example.com,2024-08-09,PREMIUM,Córdoba
CUST-000218,Paula,Diaz,paula.diaz.218@example.com,2024-03-24,STANDARD,La Plata
CUST-000219,Camila,Rodriguez,camila.rodriguez.219@example.com,2026-07-10,STANDARD,Buenos Aires
CUST-000220,Camila,Romero,camila.romero.220@example.com,2023-03-10,STANDARD,Córdoba
CUST-000221,Mateo,Martinez,mateo.martinez.221@example.com,2024-10-31,PREMIUM,Córdoba
CUST-000222,Juan,Rodriguez,juan.rodriguez.222@example.com,2026-01-09,PREMIUM,Rosario
CUST-000223,Agustin,Torres,agustin.torres.223@example.com,2024-07-12,PREMIUM,Rosario
CUST-000224,Martin,Martinez,martin.martinez.224@example.com,2024-11-24,PREMIUM,Mendoza
CUST-000225,Mateo,Rodriguez,mateo.rodriguez.225@example.com,2024-04-07,PREMIUM,Mendoza
CUST-000226,Agustin,Diaz,agustin.diaz.226@example.com,2023-07-04,PREMIUM,Buenos Aires
CUST-000227,Camila,Torres,camila.torres.227@example.com,2023-09-11,STANDARD,Rosario
CUST-000228,Paula,Sanchez,paula.sanchez.228@example.com,2026-07-31,PREMIUM,Buenos Aires
CUST-000229,Juan,Romero,juan.romero.229@example.com,2023-02-21,STANDARD,La Plata
CUST-000230,Nicolas,Acosta,nicolas.acosta.230@example.com,2024-03-29,STANDARD,Mendoza
CUST-000231,Camila,Sanchez,camila.sanchez.231@example.com,2023-08-27,STANDARD,Buenos Aires
CUST-000232,Camila,Romero,camila.romero.232@example.com,2023-08-26,STANDARD,La Plata
CUST-000233,Sofia,Sanchez,sofia.sanchez.233@example.com,2025-07-18,STANDARD,La Plata
CUST-000234,Valentina,Acosta,valentina.acosta.234@example.com,2023-11-13,PREMIUM,Buenos Aires
CUST-000235,Martin,Acosta,martin.acosta.235@example.com,2025-04-15,PREMIUM,Rosario
CUST-000236,Lucia,Diaz,lucia.diaz.236@example.com,2024-03-20,STANDARD,Córdoba
CUST-000237,Nicolas,Fernandez,nicolas.fernandez.237@example.com,2025-01-22,STANDARD,Rosario
CUST-000238,Lucia,Sanchez,lucia.sanchez.238@example.com,2024-07-19,STANDARD,Buenos Aires
CUST-000239,Martin,Fernandez,martin.fernandez.239@example.com,2024-03-10,STANDARD,La Plata
CUST-000240,Lucia,Gomez,lucia.gomez.240@example.com,2024-11-14,STANDARD,Córdoba
CUST-000241,Paula,Lopez,paula.lopez.241@example.com,2023-05-21,PREMIUM,La Plata
CUST-000242,Juan,Acosta,juan.acosta.242@example.com,2024-03-18,PREMIUM,Córdoba
CUST-000243,Nicolas,Rodriguez,nicolas.rodriguez.243@example.com,2026-05-05,STANDARD,Córdoba
CUST-000244,Sofia,Torres,sofia.torres.244@example.com,2024-05-28,PREMIUM,Buenos Aires
CUST-000245,Lucia,Rodriguez,lucia.rodriguez.245@example.com,2023-01-31,STANDARD,Córdoba
CUST-000246,Paula,Diaz,paula.diaz.246@example.com,2023-02-02,STANDARD,Buenos Aires
CUST-000247,Sofia,Sanchez,sofia.sanchez.247@example.com,2025-12-13,STANDARD,Buenos Aires
CUST-000248,Martin,Romero,martin.romero.248@example.com,2025-01-11,STANDARD,Buenos Aires
CUST-000249,Martin,Torres,martin.torres.249@example.com,2024-03-29,PREMIUM,Buenos Aires
CUST-000250,Agustin,Martinez,agustin.martinez.250@example.com,2025-07-27,STANDARD,Buenos Aires
CUST-000251,Lucia,Romero,lucia.romero.251@example.com,2025-04-02,STANDARD,Buenos Aires
CUST-000252,Martin,Romero,martin.romero.252@example.com,2023-05-31,PREMIUM,Rosario
CUST-000253,Paula,Rodriguez,paula.rodriguez.253@example.com,2023-05-15,STANDARD,La Plata
CUST-000254,Paula,Torres,paula.torres.254@example.com,2024-10-27,STANDARD,La Plata
CUST-000255,Agustin,Martinez,agustin.martinez.255@example.com,2025-07-18,STANDARD,Mendoza
CUST-000256,Mateo,Fernandez,mateo.fernandez.256@example.com,2026-08-26,PREMIUM,La Plata
CUST-000257,Juan,Sanchez,juan.sanchez.257@example.com,2025-07-13,PREMIUM,Mendoza
CUST-000258,Nicolas,Romero,nicolas.romero.258@example.com,2025-03-27,STANDARD,Buenos Aires
CUST-000259,Nicolas,Sanchez,nicolas.sanchez.259@example.com,2024-10-02,STANDARD,Rosario
CUST-000260,Sofia,Romero,sofia.romero.260@example.com,2023-05-18,STANDARD,Buenos Aires
CUST-000261,Mateo,Sanchez,mateo.sanchez.261@example.com,2023-07-17,PREMIUM,Rosario
CUST-000262,Sofia,Torres,sofia.torres.262@example.com,2023-05-03,STANDARD,La Plata
CUST-000263,Agustin,Diaz,agustin.diaz.263@example.com,2023-09-08,STANDARD,Mendoza
CUST-000264,Lucia,Martinez,lucia.martinez.264@example.com,2026-05-14,STANDARD,Buenos Aires
CUST-000265,Paula,Torres,paula.torres.265@example.com,2024-03-11,STANDARD,Mendoza
CUST-000266,Juan,Fernandez,juan.fernandez.266@example.com,2024-12-18,PREMIUM,Rosario
CUST-000267,Mateo,Martinez,mateo.martinez.267@example.com,2026-03-21,STANDARD,Mendoza
CUST-000268,Agustin,Acosta,agustin.acosta.268@example.com,2026-06-10,STANDARD,La Plata
CUST-000269,Lucia,Acosta,lucia.acosta.269@example.com,2024-07-01,STANDARD,Rosario
CUST-000270,Camila,Diaz,camila.diaz.270@example.com,2024-12-19,STANDARD,Córdoba
CUST-000271,Paula,Sanchez,paula.sanchez.271@example.com,2023-05-23,STANDARD,Buenos Aires
CUST-000272,Mateo,Torres,mateo.torres.272@example.com,2024-03-16,STANDARD,Mendoza
CUST-000273,Nicolas,Rodriguez,nicolas.rodriguez.273@example.com,2025-01-27,STANDARD,Rosario
CUST-000274,Paula,Acosta,paula.acosta.274@example.com,2023-06-23,PREMIUM,Córdoba
CUST-000275,Sofia,Acosta,sofia.acosta.275@example.com,2023-04-12,STANDARD,Rosario
CUST-000276,Martin,Sanchez,martin.sanchez.276@example.com,2025-09-21,STANDARD,Mendoza
CUST-000277,Camila,Lopez,camila.lopez.277@example.com,2025-11-15,STANDARD,Mendoza
CUST-000278,Mateo,Martinez,mateo.martinez.278@example.com,2026-04-29,STANDARD,Rosario
CUST-000279,Lucia,Lopez,lucia.lopez.279@example.com,2025-03-20,BUSINESS,Buenos Aires
CUST-000280,Lucia,Lopez,lucia.lopez.280@example.com,2024-09-09,PREMIUM,Córdoba
CUST-000281,Camila,Martinez,camila.martinez.281@example.com,2024-11-02,STANDARD,Mendoza
CUST-000282,Valentina,Rodriguez,valentina.rodriguez.282@example.com,2023-09-22,STANDARD,Córdoba
CUST-000283,Agustin,Torres,agustin.torres.283@example.com,2024-12-26,STANDARD,Buenos Aires
CUST-000284,Valentina,Gomez,valentina.gomez.284@example.com,2025-07-30,PREMIUM,Rosario
CUST-000285,Paula,Sanchez,paula.sanchez.285@example.com,2026-03-20,STANDARD,Mendoza
CUST-000286,Camila,Fernandez,camila.fernandez.286@example.com,2025-04-09,STANDARD,Rosario
CUST-000287,Sofia,Acosta,sofia.acosta.287@example.com,2025-07-31,PREMIUM,Rosario
CUST-000288,Mateo,Sanchez,mateo.sanchez.288@example.com,2023-08-05,STANDARD,La Plata
CUST-000289,Valentina,Torres,valentina.torres.289@example.com,2023-06-11,STANDARD,Rosario
CUST-000290,Nicolas,Lopez,nicolas.lopez.290@example.com,2024-11-13,PREMIUM,Buenos Aires
CUST-000291,Agustin,Fernandez,agustin.fernandez.291@example.com,2025-12-22,STANDARD,Rosario
CUST-000292,Nicolas,Rodriguez,nicolas.rodriguez.292@example.com,2024-04-28,STANDARD,Rosario
CUST-000293,Juan,Rodriguez,juan.rodriguez.293@example.com,2026-05-18,STANDARD,Buenos Aires
CUST-000294,Sofia,Romero,sofia.romero.294@example.com,2025-08-08,PREMIUM,La Plata
CUST-000295,Martin,Acosta,martin.acosta.295@example.com,2026-08-09,STANDARD,La Plata
CUST-000296,Nicolas,Diaz,nicolas.diaz.296@example.com,2023-11-06,STANDARD,Mendoza
CUST-000297,Martin,Martinez,martin.martinez.297@example.com,2024-07-16,STANDARD,Rosario
CUST-000298,Agustin,Fernandez,agustin.fernandez.298@example.com,2024-09-27,STANDARD,Buenos Aires
CUST-000299,Lucia,Diaz,lucia.diaz.299@example.com,2024-08-10,STANDARD,Buenos Aires
CUST-000300,Paula,Acosta,paula.acosta.300@example.com,2025-11-04,STANDARD,La Plata
CUST-000301,Agustin,Gomez,agustin.gomez.301@example.com,2025-07-10,PREMIUM,La Plata
CUST-000302,Juan,Diaz,juan.diaz.302@example.com,2026-05-24,STANDARD,Córdoba
CUST-000303,Lucia,Romero,lucia.romero.303@example.com,2023-07-31,PREMIUM,Rosario
CUST-000304,Mateo,Torres,mateo.torres.304@example.com,2026-08-16,STANDARD,Córdoba
CUST-000305,Martin,Romero,martin.romero.305@example.com,2025-12-09,STANDARD,Córdoba
CUST-000306,Nicolas,Diaz,nicolas.diaz.306@example.com,2024-08-02,STANDARD,Rosario
CUST-000307,Paula,Gomez,paula.gomez.307@example.com,2026-07-16,STANDARD,Buenos Aires
CUST-000308,Nicolas,Fernandez,nicolas.fernandez.308@example.com,2026-02-16,STANDARD,Rosario
CUST-000309,Camila,Acosta,camila.acosta.309@example.com,2023-11-04,STANDARD,La Plata
CUST-000310,Sofia,Diaz,sofia.diaz.310@example.com,2024-09-27,BUSINESS,Mendoza
CUST-000311,Sofia,Acosta,sofia.acosta.311@example.com,2023-06-23,STANDARD,Mendoza
CUST-000312,Nicolas,Rodriguez,nicolas.rodriguez.312@example.com,2025-12-14,STANDARD,Mendoza
CUST-000313,Agustin,Diaz,agustin.diaz.313@example.com,2023-02-07,STANDARD,Córdoba
CUST-000314,Juan,Diaz,juan.diaz.314@example.com,2025-09-22,STANDARD,Córdoba
CUST-000315,Sofia,Fernandez,sofia.fernandez.315@example.com,2024-08-28,PREMIUM,Buenos Aires
CUST-000316,Agustin,Torres,agustin.torres.316@example.com,2025-12-14,STANDARD,Rosario
CUST-000317,Paula,Rodriguez,paula.rodriguez.317@example.com,2026-05-08,STANDARD,Córdoba
CUST-000318,Sofia,Acosta,sofia.acosta.318@example.com,2023-12-06,PREMIUM,Buenos Aires
CUST-000319,Valentina,Diaz,valentina.diaz.319@example.com,2024-05-01,BUSINESS,La Plata
CUST-000320,Camila,Romero,camila.romero.320@example.com,2024-04-24,STANDARD,Rosario
CUST-000321,Martin,Lopez,martin.lopez.321@example.com,2025-01-23,STANDARD,La Plata
CUST-000322,Martin,Romero,martin.romero.322@example.com,2024-07-31,PREMIUM,La Plata
CUST-000323,Agustin,Sanchez,agustin.sanchez.323@example.com,2023-11-28,PREMIUM,La Plata
CUST-000324,Sofia,Martinez,sofia.martinez.324@example.com,2023-04-17,STANDARD,Rosario
CUST-000325,Agustin,Fernandez,agustin.fernandez.325@example.com,2025-11-22,PREMIUM,Rosario
CUST-000326,Mateo,Rodriguez,mateo.rodriguez.326@example.com,2024-07-12,STANDARD,La Plata
CUST-000327,Sofia,Sanchez,sofia.sanchez.327@example.com,2023-07-07,PREMIUM,Córdoba
CUST-000328,Martin,Diaz,martin.diaz.328@example.com,2023-02-24,STANDARD,Mendoza
CUST-000329,Agustin,Diaz,agustin.diaz.329@example.com,2024-04-27,STANDARD,Buenos Aires
CUST-000330,Nicolas,Lopez,nicolas.lopez.330@example.com,2023-02-27,STANDARD,Buenos Aires
CUST-000331,Nicolas,Rodriguez,nicolas.rodriguez.331@example.com,2023-10-09,STANDARD,Mendoza
CUST-000332,Sofia,Romero,sofia.romero.332@example.com,2025-07-07,STANDARD,Buenos Aires
CUST-000333,Lucia,Martinez,lucia.martinez.333@example.com,2024-03-17,PREMIUM,La Plata
CUST-000334,Paula,Torres,paula.torres.334@example.com,2025-05-16,STANDARD,Rosario
CUST-000335,Juan,Martinez,juan.martinez.335@example.com,2023-09-07,STANDARD,Mendoza
CUST-000336,Paula,Romero,paula.romero.336@example.com,2023-05-09,STANDARD,Mendoza
CUST-000337,Paula,Torres,paula.torres.337@example.com,2023-02-03,STANDARD,La Plata
CUST-000338,Juan,Rodriguez,juan.rodriguez.338@example.com,2024-08-19,STANDARD,La Plata
CUST-000339,Nicolas,Lopez,nicolas.lopez.339@example.com,2026-03-14,STANDARD,Buenos Aires
CUST-000340,Agustin,Diaz,agustin.diaz.340@example.com,2023-05-19,BUSINESS,La Plata
CUST-000341,Agustin,Torres,agustin.torres.341@example.com,2026-02-08,STANDARD,Mendoza
CUST-000342,Lucia,Sanchez,lucia.sanchez.342@example.com,2025-02-03,STANDARD,Buenos Aires
CUST-000343,Nicolas,Fernandez,nicolas.fernandez.343@example.com,2024-12-07,STANDARD,Buenos Aires
CUST-000344,Paula,Diaz,paula.diaz.344@example.com,2023-10-01,STANDARD,La Plata
CUST-000345,Nicolas,Rodriguez,nicolas.rodriguez.345@example.com,2025-08-09,BUSINESS,Mendoza
CUST-000346,Sofia,Rodriguez,sofia.rodriguez.346@example.com,2023-05-10,PREMIUM,Mendoza
CUST-000347,Lucia,Martinez,lucia.martinez.347@example.com,2024-02-17,STANDARD,Córdoba
CUST-000348,Lucia,Diaz,lucia.diaz.348@example.com,2024-09-27,STANDARD,La Plata
CUST-000349,Martin,Martinez,martin.martinez.349@example.com,2023-03-16,PREMIUM,Córdoba
CUST-000350,Camila,Diaz,camila.diaz.350@example.com,2023-04-08,PREMIUM,Rosario
CUST-000351,Camila,Fernandez,camila.fernandez.351@example.com,2025-01-23,STANDARD,Mendoza
CUST-000352,Martin,Sanchez,martin.sanchez.352@example.com,2024-11-25,BUSINESS,Mendoza
CUST-000353,Martin,Diaz,martin.diaz.353@example.com,2025-11-29,STANDARD,Buenos Aires
CUST-000354,Valentina,Fernandez,valentina.fernandez.354@example.com,2025-05-31,STANDARD,Córdoba
CUST-000355,Agustin,Martinez,agustin.martinez.355@example.com,2024-10-19,STANDARD,Rosario
CUST-000356,Camila,Martinez,camila.martinez.356@example.com,2025-07-02,STANDARD,Mendoza
CUST-000357,Sofia,Romero,sofia.romero.357@example.com,2024-12-20,STANDARD,Rosario
CUST-000358,Paula,Sanchez,paula.sanchez.358@example.com,2024-07-16,STANDARD,Buenos Aires
CUST-000359,Mateo,Sanchez,mateo.sanchez.359@example.com,2025-01-14,STANDARD,Córdoba
CUST-000360,Lucia,Rodriguez,lucia.rodriguez.360@example.com,2026-05-29,STANDARD,Mendoza
CUST-000361,Lucia,Rodriguez,lucia.rodriguez.361@example.com,2023-05-18,STANDARD,Rosario
CUST-000362,Nicolas,Sanchez,nicolas.sanchez.362@example.com,2026-03-07,STANDARD,Córdoba
CUST-000363,Martin,Diaz,martin.diaz.363@example.com,2025-01-31,STANDARD,Buenos Aires
CUST-000364,Paula,Rodriguez,paula.rodriguez.364@example.com,2025-12-20,STANDARD,Rosario
CUST-000365,Camila,Lopez,camila.lopez.365@example.com,2023-08-21,STANDARD,Córdoba
CUST-000366,Martin,Torres,martin.torres.366@example.com,2025-03-03,PREMIUM,Buenos Aires
CUST-000367,Camila,Martinez,camila.martinez.367@example.com,2025-07-02,STANDARD,La Plata
CUST-000368,Camila,Romero,camila.romero.368@example.com,2024-02-14,STANDARD,Buenos Aires
CUST-000369,Martin,Rodriguez,martin.rodriguez.369@example.com,2025-06-30,BUSINESS,Rosario
CUST-000370,Nicolas,Fernandez,nicolas.fernandez.370@example.com,2026-01-31,STANDARD,Rosario
CUST-000371,Sofia,Rodriguez,sofia.rodriguez.371@example.com,2025-01-10,STANDARD,Buenos Aires
CUST-000372,Juan,Rodriguez,juan.rodriguez.372@example.com,2024-04-29,PREMIUM,Buenos Aires
CUST-000373,Nicolas,Torres,nicolas.torres.373@example.com,2026-03-18,STANDARD,La Plata
CUST-000374,Sofia,Acosta,sofia.acosta.374@example.com,2023-06-26,STANDARD,Mendoza
CUST-000375,Martin,Torres,martin.torres.375@example.com,2025-04-21,PREMIUM,La Plata
CUST-000376,Mateo,Rodriguez,mateo.rodriguez.376@example.com,2024-10-11,STANDARD,Mendoza
CUST-000377,Martin,Torres,martin.torres.377@example.com,2024-12-06,STANDARD,La Plata
CUST-000378,Paula,Rodriguez,paula.rodriguez.378@example.com,2023-09-22,STANDARD,Buenos Aires
CUST-000379,Mateo,Torres,mateo.torres.379@example.com,2023-11-10,STANDARD,Córdoba
CUST-000380,Nicolas,Lopez,nicolas.lopez.380@example.com,2024-12-09,PREMIUM,La Plata
CUST-000381,Camila,Fernandez,camila.fernandez.381@example.com,2024-05-28,STANDARD,La Plata
CUST-000382,Camila,Rodriguez,camila.rodriguez.382@example.com,2026-07-04,STANDARD,La Plata
CUST-000383,Mateo,Torres,mateo.torres.383@example.com,2026-08-05,STANDARD,La Plata
CUST-000384,Sofia,Rodriguez,sofia.rodriguez.384@example.com,2026-07-02,PREMIUM,La Plata
CUST-000385,Nicolas,Acosta,nicolas.acosta.385@example.com,2023-03-26,PREMIUM,Buenos Aires
CUST-000386,Mateo,Gomez,mateo.gomez.386@example.com,2026-08-06,PREMIUM,Rosario
CUST-000387,Juan,Acosta,juan.acosta.387@example.com,2025-05-03,STANDARD,Buenos Aires
CUST-000388,Martin,Torres,martin.torres.388@example.com,2024-08-16,STANDARD,Rosario
CUST-000389,Martin,Lopez,martin.lopez.389@example.com,2025-04-11,STANDARD,Buenos Aires
CUST-000390,Lucia,Rodriguez,lucia.rodriguez.390@example.com,2025-06-19,STANDARD,Mendoza
CUST-000391,Juan,Diaz,juan.diaz.391@example.com,2026-05-27,STANDARD,Rosario
CUST-000392,Nicolas,Sanchez,nicolas.sanchez.392@example.com,2023-09-25,PREMIUM,La Plata
CUST-000393,Agustin,Fernandez,agustin.fernandez.393@example.com,2024-10-15,STANDARD,Buenos Aires
CUST-000394,Camila,Romero,camila.romero.394@example.com,2024-05-22,STANDARD,Buenos Aires
CUST-000395,Camila,Sanchez,camila.sanchez.395@example.com,2026-06-14,STANDARD,Córdoba
CUST-000396,Nicolas,Acosta,nicolas.acosta.396@example.com,2024-10-02,STANDARD,Córdoba
CUST-000397,Martin,Torres,martin.torres.397@example.com,2025-08-14,STANDARD,Rosario
CUST-000398,Martin,Gomez,martin.gomez.398@example.com,2023-07-04,PREMIUM,La Plata
CUST-000399,Martin,Lopez,martin.lopez.399@example.com,2024-03-16,STANDARD,Buenos Aires
CUST-000400,Lucia,Martinez,lucia.martinez.400@example.com,2025-10-10,STANDARD,Mendoza
CUST-000401,Camila,Torres,camila.torres.401@example.com,2023-01-17,PREMIUM,Mendoza
CUST-000402,Sofia,Martinez,sofia.martinez.402@example.com,2025-01-19,PREMIUM,Rosario
CUST-000403,Lucia,Sanchez,lucia.sanchez.403@example.com,2023-04-15,STANDARD,Córdoba
CUST-000404,Nicolas,Torres,nicolas.torres.404@example.com,2024-08-14,STANDARD,La Plata
CUST-000405,Martin,Torres,martin.torres.405@example.com,2024-07-26,PREMIUM,La Plata
CUST-000406,Paula,Fernandez,paula.fernandez.406@example.com,2023-09-21,BUSINESS,Mendoza
CUST-000407,Nicolas,Diaz,nicolas.diaz.407@example.com,2026-02-16,PREMIUM,Córdoba
CUST-000408,Juan,Acosta,juan.acosta.408@example.com,2025-11-08,STANDARD,Buenos Aires
CUST-000409,Lucia,Gomez,lucia.gomez.409@example.com,2023-10-08,PREMIUM,Mendoza
CUST-000410,Agustin,Romero,agustin.romero.410@example.com,2023-11-02,STANDARD,La Plata
CUST-000411,Sofia,Diaz,sofia.diaz.411@example.com,2026-06-09,STANDARD,Mendoza
CUST-000412,Paula,Martinez,paula.martinez.412@example.com,2026-04-30,STANDARD,La Plata
CUST-000413,Agustin,Romero,agustin.romero.413@example.com,2026-02-26,STANDARD,Buenos Aires
CUST-000414,Nicolas,Diaz,nicolas.diaz.414@example.com,2023-08-13,BUSINESS,La Plata
CUST-000415,Camila,Gomez,camila.gomez.415@example.com,2026-05-07,STANDARD,La Plata
CUST-000416,Paula,Lopez,paula.lopez.416@example.com,2023-04-16,STANDARD,Córdoba
CUST-000417,Agustin,Acosta,agustin.acosta.417@example.com,2025-02-17,STANDARD,Córdoba
CUST-000418,Lucia,Acosta,lucia.acosta.418@example.com,2023-08-14,STANDARD,Mendoza
CUST-000419,Nicolas,Sanchez,nicolas.sanchez.419@example.com,2023-11-07,STANDARD,Córdoba
CUST-000420,Valentina,Torres,valentina.torres.420@example.com,2026-06-06,PREMIUM,Buenos Aires
CUST-000421,Sofia,Torres,sofia.torres.421@example.com,2024-02-29,STANDARD,Mendoza
CUST-000422,Agustin,Sanchez,agustin.sanchez.422@example.com,2024-10-04,BUSINESS,Mendoza
CUST-000423,Agustin,Diaz,agustin.diaz.423@example.com,2026-01-23,STANDARD,Rosario
CUST-000424,Paula,Romero,paula.romero.424@example.com,2024-01-29,BUSINESS,Rosario
CUST-000425,Agustin,Martinez,agustin.martinez.425@example.com,2024-04-05,PREMIUM,Rosario
CUST-000426,Camila,Lopez,camila.lopez.426@example.com,2025-09-28,STANDARD,Rosario
CUST-000427,Agustin,Martinez,agustin.martinez.427@example.com,2024-08-12,STANDARD,La Plata
CUST-000428,Valentina,Sanchez,valentina.sanchez.428@example.com,2024-12-07,BUSINESS,Córdoba
CUST-000429,Camila,Gomez,camila.gomez.429@example.com,2024-08-12,BUSINESS,Buenos Aires
CUST-000430,Nicolas,Romero,nicolas.romero.430@example.com,2024-06-09,PREMIUM,Córdoba
CUST-000431,Juan,Torres,juan.torres.431@example.com,2024-07-09,PREMIUM,Rosario
CUST-000432,Sofia,Fernandez,sofia.fernandez.432@example.com,2026-06-14,PREMIUM,Córdoba
CUST-000433,Juan,Gomez,juan.gomez.433@example.com,2025-12-23,STANDARD,Córdoba
CUST-000434,Lucia,Fernandez,lucia.fernandez.434@example.com,2025-04-26,STANDARD,Mendoza
CUST-000435,Mateo,Rodriguez,mateo.rodriguez.435@example.com,2023-01-11,BUSINESS,Córdoba
CUST-000436,Valentina,Romero,valentina.romero.436@example.com,2025-09-04,STANDARD,Rosario
CUST-000437,Nicolas,Martinez,nicolas.martinez.437@example.com,2026-08-15,STANDARD,Buenos Aires
CUST-000438,Paula,Lopez,paula.lopez.438@example.com,2025-12-31,PREMIUM,Buenos Aires
CUST-000439,Sofia,Sanchez,sofia.sanchez.439@example.com,2023-12-27,PREMIUM,Buenos Aires
CUST-000440,Valentina,Romero,valentina.romero.440@example.com,2024-01-17,PREMIUM,Rosario
CUST-000441,Lucia,Gomez,lucia.gomez.441@example.com,2024-09-03,STANDARD,Buenos Aires
CUST-000442,Nicolas,Martinez,nicolas.martinez.442@example.com,2025-07-19,BUSINESS,La Plata
CUST-000443,Agustin,Romero,agustin.romero.443@example.com,2023-10-02,PREMIUM,Mendoza
CUST-000444,Camila,Lopez,camila.lopez.444@example.com,2023-08-19,STANDARD,Mendoza
CUST-000445,Camila,Rodriguez,camila.rodriguez.445@example.com,2023-01-29,PREMIUM,Rosario
CUST-000446,Paula,Lopez,paula.lopez.446@example.com,2023-12-26,STANDARD,Mendoza
CUST-000447,Valentina,Torres,valentina.torres.447@example.com,2024-11-02,STANDARD,Buenos Aires
CUST-000448,Sofia,Rodriguez,sofia.rodriguez.448@example.com,2025-09-04,STANDARD,Córdoba
CUST-000449,Lucia,Martinez,lucia.martinez.449@example.com,2025-02-24,STANDARD,Rosario
CUST-000450,Nicolas,Martinez,nicolas.martinez.450@example.com,2026-04-07,PREMIUM,Buenos Aires
CUST-000451,Camila,Diaz,camila.diaz.451@example.com,2024-04-28,STANDARD,Buenos Aires
CUST-000452,Martin,Martinez,martin.martinez.452@example.com,2023-11-24,STANDARD,La Plata
CUST-000453,Camila,Fernandez,camila.fernandez.453@example.com,2026-08-01,PREMIUM,Rosario
CUST-000454,Nicolas,Acosta,nicolas.acosta.454@example.com,2024-03-28,STANDARD,Córdoba
CUST-000455,Martin,Rodriguez,martin.rodriguez.455@example.com,2025-07-20,PREMIUM,La Plata
CUST-000456,Nicolas,Sanchez,nicolas.sanchez.456@example.com,2026-01-29,PREMIUM,La Plata
CUST-000457,Juan,Lopez,juan.lopez.457@example.com,2026-05-05,PREMIUM,Buenos Aires
CUST-000458,Agustin,Romero,agustin.romero.458@example.com,2025-12-17,PREMIUM,Buenos Aires
CUST-000459,Paula,Fernandez,paula.fernandez.459@example.com,2023-05-07,PREMIUM,La Plata
CUST-000460,Juan,Acosta,juan.acosta.460@example.com,2026-01-04,STANDARD,Rosario
CUST-000461,Agustin,Romero,agustin.romero.461@example.com,2023-08-27,STANDARD,La Plata
CUST-000462,Martin,Fernandez,martin.fernandez.462@example.com,2025-11-11,STANDARD,Buenos Aires
CUST-000463,Martin,Rodriguez,martin.rodriguez.463@example.com,2025-11-17,STANDARD,La Plata
CUST-000464,Lucia,Torres,lucia.torres.464@example.com,2025-08-04,STANDARD,Rosario
CUST-000465,Lucia,Sanchez,lucia.sanchez.465@example.com,2024-06-05,PREMIUM,Córdoba
CUST-000466,Paula,Fernandez,paula.fernandez.466@example.com,2023-04-03,STANDARD,Buenos Aires
CUST-000467,Agustin,Gomez,agustin.gomez.467@example.com,2023-05-22,BUSINESS,Mendoza
CUST-000468,Lucia,Martinez,lucia.martinez.468@example.com,2025-04-17,STANDARD,Córdoba
CUST-000469,Valentina,Diaz,valentina.diaz.469@example.com,2025-02-22,STANDARD,Mendoza
CUST-000470,Valentina,Fernandez,valentina.fernandez.470@example.com,2026-01-09,STANDARD,Rosario
CUST-000471,Mateo,Rodriguez,mateo.rodriguez.471@example.com,2026-01-05,STANDARD,Córdoba
CUST-000472,Juan,Gomez,juan.gomez.472@example.com,2023-02-16,BUSINESS,Mendoza
CUST-000473,Agustin,Sanchez,agustin.sanchez.473@example.com,2025-12-25,STANDARD,Córdoba
CUST-000474,Juan,Romero,juan.romero.474@example.com,2024-12-09,STANDARD,Córdoba
CUST-000475,Mateo,Gomez,mateo.gomez.475@example.com,2025-05-08,STANDARD,Buenos Aires
CUST-000476,Juan,Lopez,juan.lopez.476@example.com,2023-05-18,STANDARD,Buenos Aires
CUST-000477,Martin,Acosta,martin.acosta.477@example.com,2023-04-10,STANDARD,Buenos Aires
CUST-000478,Valentina,Romero,valentina.romero.478@example.com,2024-04-24,STANDARD,Buenos Aires
CUST-000479,Sofia,Torres,sofia.torres.479@example.com,2024-08-15,STANDARD,La Plata
CUST-000480,Nicolas,Acosta,nicolas.acosta.480@example.com,2026-05-09,PREMIUM,Rosario
CUST-000481,Juan,Martinez,juan.martinez.481@example.com,2023-10-21,BUSINESS,La Plata
CUST-000482,Juan,Sanchez,juan.sanchez.482@example.com,2024-09-07,STANDARD,La Plata
CUST-000483,Paula,Rodriguez,paula.rodriguez.483@example.com,2026-07-06,STANDARD,La Plata
CUST-000484,Martin,Gomez,martin.gomez.484@example.com,2024-12-06,PREMIUM,Mendoza
CUST-000485,Agustin,Diaz,agustin.diaz.485@example.com,2025-05-02,STANDARD,Rosario
CUST-000486,Valentina,Rodriguez,valentina.rodriguez.486@example.com,2026-01-06,STANDARD,Córdoba
CUST-000487,Camila,Rodriguez,camila.rodriguez.487@example.com,2025-08-06,PREMIUM,La Plata
CUST-000488,Valentina,Sanchez,valentina.sanchez.488@example.com,2026-02-15,STANDARD,Mendoza
CUST-000489,Juan,Martinez,juan.martinez.489@example.com,2024-02-21,STANDARD,Buenos Aires
CUST-000490,Martin,Diaz,martin.diaz.490@example.com,2023-07-09,STANDARD,Córdoba
CUST-000491,Lucia,Martinez,lucia.martinez.491@example.com,2025-02-11,STANDARD,La Plata
CUST-000492,Lucia,Fernandez,lucia.fernandez.492@example.com,2024-01-21,PREMIUM,La Plata
CUST-000493,Agustin,Lopez,agustin.lopez.493@example.com,2025-09-08,STANDARD,Rosario
CUST-000494,Camila,Gomez,camila.gomez.494@example.com,2024-03-09,PREMIUM,Buenos Aires
CUST-000495,Martin,Lopez,martin.lopez.495@example.com,2026-05-22,PREMIUM,Mendoza
CUST-000496,Juan,Torres,juan.torres.496@example.com,2024-10-20,PREMIUM,Mendoza
CUST-000497,Martin,Torres,martin.torres.497@example.com,2026-08-21,STANDARD,Rosario
CUST-000498,Nicolas,Torres,nicolas.torres.498@example.com,2025-10-15,STANDARD,Mendoza
CUST-000499,Nicolas,Lopez,nicolas.lopez.499@example.com,2025-01-29,STANDARD,Buenos Aires
CUST-000500,Paula,Lopez,paula.lopez.500@example.com,2023-10-26,STANDARD,La Plata
CUST-000501,Paula,Acosta,paula.acosta.501@example.com,2025-05-05,STANDARD,Córdoba
CUST-000502,Nicolas,Lopez,nicolas.lopez.502@example.com,2025-02-16,STANDARD,Córdoba
CUST-000503,Martin,Torres,martin.torres.503@example.com,2024-11-22,STANDARD,Mendoza
CUST-000504,Martin,Romero,martin.romero.504@example.com,2023-12-11,PREMIUM,Rosario
CUST-000505,Sofia,Rodriguez,sofia.rodriguez.505@example.com,2026-01-24,STANDARD,La Plata
CUST-000506,Lucia,Torres,lucia.torres.506@example.com,2023-03-11,PREMIUM,Buenos Aires
CUST-000507,Lucia,Gomez,lucia.gomez.507@example.com,2025-04-24,STANDARD,Córdoba
CUST-000508,Mateo,Rodriguez,mateo.rodriguez.508@example.com,2023-01-19,STANDARD,Mendoza
CUST-000509,Nicolas,Gomez,nicolas.gomez.509@example.com,2026-06-19,STANDARD,La Plata
CUST-000510,Martin,Romero,martin.romero.510@example.com,2023-02-02,STANDARD,La Plata
CUST-000511,Valentina,Gomez,valentina.gomez.511@example.com,2023-02-04,STANDARD,Rosario
CUST-000512,Agustin,Martinez,agustin.martinez.512@example.com,2023-02-05,STANDARD,Mendoza
CUST-000513,Sofia,Fernandez,sofia.fernandez.513@example.com,2023-07-17,STANDARD,Córdoba
CUST-000514,Juan,Acosta,juan.acosta.514@example.com,2025-12-14,STANDARD,Rosario
CUST-000515,Camila,Sanchez,camila.sanchez.515@example.com,2023-06-11,STANDARD,Mendoza
CUST-000516,Martin,Acosta,martin.acosta.516@example.com,2024-05-13,BUSINESS,Córdoba
CUST-000517,Camila,Fernandez,camila.fernandez.517@example.com,2026-08-31,BUSINESS,Buenos Aires
CUST-000518,Mateo,Sanchez,mateo.sanchez.518@example.com,2025-02-15,STANDARD,Mendoza
CUST-000519,Lucia,Gomez,lucia.gomez.519@example.com,2023-12-17,STANDARD,Mendoza
CUST-000520,Nicolas,Acosta,nicolas.acosta.520@example.com,2023-07-15,PREMIUM,Buenos Aires
CUST-000521,Juan,Lopez,juan.lopez.521@example.com,2026-03-06,STANDARD,Buenos Aires
CUST-000522,Mateo,Martinez,mateo.martinez.522@example.com,2026-01-17,STANDARD,Buenos Aires
CUST-000523,Sofia,Diaz,sofia.diaz.523@example.com,2023-02-02,BUSINESS,La Plata
CUST-000524,Sofia,Sanchez,sofia.sanchez.524@example.com,2023-06-07,STANDARD,La Plata
CUST-000525,Juan,Acosta,juan.acosta.525@example.com,2025-03-07,STANDARD,La Plata
CUST-000526,Nicolas,Sanchez,nicolas.sanchez.526@example.com,2023-10-14,PREMIUM,Buenos Aires
CUST-000527,Agustin,Diaz,agustin.diaz.527@example.com,2023-04-20,STANDARD,Córdoba
CUST-000528,Mateo,Diaz,mateo.diaz.528@example.com,2026-05-24,PREMIUM,La Plata
CUST-000529,Valentina,Diaz,valentina.diaz.529@example.com,2023-03-02,STANDARD,Mendoza
CUST-000530,Martin,Lopez,martin.lopez.530@example.com,2024-12-29,STANDARD,Mendoza
CUST-000531,Valentina,Rodriguez,valentina.rodriguez.531@example.com,2026-04-14,STANDARD,Buenos Aires
CUST-000532,Paula,Martinez,paula.martinez.532@example.com,2024-05-19,PREMIUM,Buenos Aires
CUST-000533,Camila,Rodriguez,camila.rodriguez.533@example.com,2025-02-17,PREMIUM,Córdoba
CUST-000534,Valentina,Diaz,valentina.diaz.534@example.com,2025-01-08,STANDARD,Buenos Aires
CUST-000535,Camila,Romero,camila.romero.535@example.com,2025-01-07,PREMIUM,Buenos Aires
CUST-000536,Sofia,Fernandez,sofia.fernandez.536@example.com,2024-01-19,STANDARD,La Plata
CUST-000537,Agustin,Torres,agustin.torres.537@example.com,2025-04-15,STANDARD,Buenos Aires
CUST-000538,Nicolas,Torres,nicolas.torres.538@example.com,2023-07-10,STANDARD,Rosario
CUST-000539,Valentina,Gomez,valentina.gomez.539@example.com,2024-08-20,STANDARD,Buenos Aires
CUST-000540,Agustin,Lopez,agustin.lopez.540@example.com,2026-03-17,STANDARD,Mendoza
CUST-000541,Sofia,Rodriguez,sofia.rodriguez.541@example.com,2024-07-04,STANDARD,Mendoza
CUST-000542,Sofia,Fernandez,sofia.fernandez.542@example.com,2023-12-09,STANDARD,Mendoza
CUST-000543,Camila,Romero,camila.romero.543@example.com,2023-06-07,STANDARD,Córdoba
CUST-000544,Martin,Acosta,martin.acosta.544@example.com,2026-06-16,STANDARD,Buenos Aires
CUST-000545,Sofia,Martinez,sofia.martinez.545@example.com,2023-01-14,PREMIUM,Rosario
CUST-000546,Paula,Sanchez,paula.sanchez.546@example.com,2024-11-05,STANDARD,Mendoza
CUST-000547,Paula,Rodriguez,paula.rodriguez.547@example.com,2024-09-07,STANDARD,Córdoba
CUST-000548,Martin,Diaz,martin.diaz.548@example.com,2023-12-30,BUSINESS,Rosario
CUST-000549,Camila,Romero,camila.romero.549@example.com,2026-03-25,PREMIUM,Rosario
CUST-000550,Valentina,Martinez,valentina.martinez.550@example.com,2025-03-15,STANDARD,La Plata
CUST-000551,Juan,Acosta,juan.acosta.551@example.com,2026-01-22,STANDARD,La Plata
CUST-000552,Lucia,Romero,lucia.romero.552@example.com,2024-03-05,STANDARD,Rosario
CUST-000553,Mateo,Sanchez,mateo.sanchez.553@example.com,2025-10-19,STANDARD,Rosario
CUST-000554,Juan,Martinez,juan.martinez.554@example.com,2023-11-12,PREMIUM,Mendoza
CUST-000555,Mateo,Romero,mateo.romero.555@example.com,2026-05-09,STANDARD,Mendoza
CUST-000556,Agustin,Torres,agustin.torres.556@example.com,2025-05-06,STANDARD,Rosario
CUST-000557,Agustin,Acosta,agustin.acosta.557@example.com,2026-07-30,PREMIUM,Buenos Aires
CUST-000558,Juan,Diaz,juan.diaz.558@example.com,2023-12-07,STANDARD,Buenos Aires
CUST-000559,Paula,Sanchez,paula.sanchez.559@example.com,2024-11-10,BUSINESS,Mendoza
CUST-000560,Mateo,Gomez,mateo.gomez.560@example.com,2023-07-21,STANDARD,La Plata
CUST-000561,Agustin,Torres,agustin.torres.561@example.com,2026-04-03,STANDARD,Córdoba
CUST-000562,Martin,Diaz,martin.diaz.562@example.com,2025-03-12,STANDARD,La Plata
CUST-000563,Agustin,Rodriguez,agustin.rodriguez.563@example.com,2024-12-07,BUSINESS,Mendoza
CUST-000564,Mateo,Martinez,mateo.martinez.564@example.com,2025-05-01,PREMIUM,Buenos Aires
CUST-000565,Mateo,Rodriguez,mateo.rodriguez.565@example.com,2024-12-14,STANDARD,Mendoza
CUST-000566,Juan,Torres,juan.torres.566@example.com,2025-09-16,STANDARD,Buenos Aires
CUST-000567,Martin,Romero,martin.romero.567@example.com,2024-10-15,STANDARD,Buenos Aires
CUST-000568,Mateo,Gomez,mateo.gomez.568@example.com,2024-12-03,STANDARD,Córdoba
CUST-000569,Juan,Torres,juan.torres.569@example.com,2023-12-24,STANDARD,Rosario
CUST-000570,Agustin,Sanchez,agustin.sanchez.570@example.com,2025-08-04,STANDARD,Mendoza
CUST-000571,Sofia,Rodriguez,sofia.rodriguez.571@example.com,2026-08-04,STANDARD,Mendoza
CUST-000572,Lucia,Acosta,lucia.acosta.572@example.com,2024-02-09,STANDARD,Mendoza
CUST-000573,Valentina,Gomez,valentina.gomez.573@example.com,2024-03-15,STANDARD,Buenos Aires
CUST-000574,Paula,Fernandez,paula.fernandez.574@example.com,2026-01-04,STANDARD,Rosario
CUST-000575,Juan,Romero,juan.romero.575@example.com,2023-08-22,STANDARD,Mendoza
CUST-000576,Agustin,Diaz,agustin.diaz.576@example.com,2026-05-07,STANDARD,Mendoza
CUST-000577,Paula,Fernandez,paula.fernandez.577@example.com,2024-12-13,STANDARD,Mendoza
CUST-000578,Paula,Rodriguez,paula.rodriguez.578@example.com,2024-09-01,PREMIUM,La Plata
CUST-000579,Mateo,Rodriguez,mateo.rodriguez.579@example.com,2024-10-03,STANDARD,Rosario
CUST-000580,Mateo,Rodriguez,mateo.rodriguez.580@example.com,2025-02-03,STANDARD,La Plata
CUST-000581,Valentina,Sanchez,valentina.sanchez.581@example.com,2026-05-06,STANDARD,Mendoza
CUST-000582,Valentina,Rodriguez,valentina.rodriguez.582@example.com,2025-09-23,STANDARD,Córdoba
CUST-000583,Agustin,Rodriguez,agustin.rodriguez.583@example.com,2025-09-29,STANDARD,Córdoba
CUST-000584,Nicolas,Romero,nicolas.romero.584@example.com,2026-06-22,STANDARD,Rosario
CUST-000585,Lucia,Romero,lucia.romero.585@example.com,2023-10-07,STANDARD,Mendoza
CUST-000586,Agustin,Torres,agustin.torres.586@example.com,2026-08-30,STANDARD,Mendoza
CUST-000587,Valentina,Romero,valentina.romero.587@example.com,2025-09-27,STANDARD,La Plata
CUST-000588,Lucia,Lopez,lucia.lopez.588@example.com,2024-08-21,STANDARD,Córdoba
CUST-000589,Agustin,Martinez,agustin.martinez.589@example.com,2023-12-11,PREMIUM,La Plata
CUST-000590,Martin,Torres,martin.torres.590@example.com,2025-11-12,STANDARD,Buenos Aires
CUST-000591,Camila,Torres,camila.torres.591@example.com,2025-01-21,STANDARD,Buenos Aires
CUST-000592,Martin,Torres,martin.torres.592@example.com,2024-03-23,BUSINESS,Buenos Aires
CUST-000593,Juan,Martinez,juan.martinez.593@example.com,2023-03-08,STANDARD,Rosario
CUST-000594,Mateo,Romero,mateo.romero.594@example.com,2023-08-29,PREMIUM,Córdoba
CUST-000595,Juan,Acosta,juan.acosta.595@example.com,2024-12-19,PREMIUM,La Plata
CUST-000596,Valentina,Rodriguez,valentina.rodriguez.596@example.com,2026-06-15,STANDARD,Córdoba
CUST-000597,Juan,Gomez,juan.gomez.597@example.com,2026-03-13,STANDARD,Rosario
CUST-000598,Paula,Torres,paula.torres.598@example.com,2023-12-11,STANDARD,Rosario
CUST-000599,Camila,Acosta,camila.acosta.599@example.com,2024-07-01,BUSINESS,La Plata
CUST-000600,Mateo,Rodriguez,mateo.rodriguez.600@example.com,2025-04-22,PREMIUM,Rosario
CUST-000601,Sofia,Rodriguez,sofia.rodriguez.601@example.com,2024-05-26,STANDARD,Rosario
CUST-000602,Juan,Sanchez,juan.sanchez.602@example.com,2025-09-29,STANDARD,Rosario
CUST-000603,Valentina,Sanchez,valentina.sanchez.603@example.com,2025-07-14,STANDARD,Buenos Aires
CUST-000604,Valentina,Torres,valentina.torres.604@example.com,2024-07-23,STANDARD,Rosario
CUST-000605,Martin,Romero,martin.romero.605@example.com,2024-11-01,STANDARD,Buenos Aires
CUST-000606,Martin,Diaz,martin.diaz.606@example.com,2023-05-10,PREMIUM,Mendoza
CUST-000607,Juan,Sanchez,juan.sanchez.607@example.com,2024-03-09,STANDARD,Rosario
CUST-000608,Camila,Diaz,camila.diaz.608@example.com,2026-01-25,STANDARD,La Plata
CUST-000609,Martin,Diaz,martin.diaz.609@example.com,2023-04-10,STANDARD,Mendoza
CUST-000610,Lucia,Fernandez,lucia.fernandez.610@example.com,2023-11-20,STANDARD,Buenos Aires
CUST-000611,Valentina,Lopez,valentina.lopez.611@example.com,2023-09-28,PREMIUM,Rosario
CUST-000612,Sofia,Martinez,sofia.martinez.612@example.com,2023-07-11,STANDARD,Rosario
CUST-000613,Mateo,Diaz,mateo.diaz.613@example.com,2026-08-21,STANDARD,Mendoza
CUST-000614,Camila,Lopez,camila.lopez.614@example.com,2025-05-29,STANDARD,Buenos Aires
CUST-000615,Lucia,Lopez,lucia.lopez.615@example.com,2025-09-03,STANDARD,La Plata
CUST-000616,Juan,Torres,juan.torres.616@example.com,2025-06-30,STANDARD,Rosario
CUST-000617,Mateo,Sanchez,mateo.sanchez.617@example.com,2023-09-28,STANDARD,Córdoba
CUST-000618,Valentina,Fernandez,valentina.fernandez.618@example.com,2023-07-29,STANDARD,Rosario
CUST-000619,Camila,Rodriguez,camila.rodriguez.619@example.com,2025-02-22,PREMIUM,Córdoba
CUST-000620,Sofia,Fernandez,sofia.fernandez.620@example.com,2025-12-22,STANDARD,La Plata
CUST-000621,Sofia,Romero,sofia.romero.621@example.com,2024-12-20,PREMIUM,Córdoba
CUST-000622,Valentina,Acosta,valentina.acosta.622@example.com,2025-06-25,PREMIUM,Buenos Aires
CUST-000623,Mateo,Rodriguez,mateo.rodriguez.623@example.com,2023-09-10,STANDARD,Mendoza
CUST-000624,Nicolas,Sanchez,nicolas.sanchez.624@example.com,2024-10-06,PREMIUM,Córdoba
CUST-000625,Camila,Fernandez,camila.fernandez.625@example.com,2024-05-23,STANDARD,La Plata
CUST-000626,Paula,Martinez,paula.martinez.626@example.com,2023-02-24,PREMIUM,Rosario
CUST-000627,Juan,Torres,juan.torres.627@example.com,2026-05-27,STANDARD,Mendoza
CUST-000628,Camila,Gomez,camila.gomez.628@example.com,2024-05-05,STANDARD,Buenos Aires
CUST-000629,Juan,Romero,juan.romero.629@example.com,2026-07-30,STANDARD,La Plata
CUST-000630,Lucia,Diaz,lucia.diaz.630@example.com,2024-10-10,STANDARD,La Plata
CUST-000631,Valentina,Diaz,valentina.diaz.631@example.com,2026-01-23,STANDARD,Mendoza
CUST-000632,Mateo,Gomez,mateo.gomez.632@example.com,2026-04-17,STANDARD,Rosario
CUST-000633,Juan,Gomez,juan.gomez.633@example.com,2023-05-04,PREMIUM,Mendoza
CUST-000634,Agustin,Martinez,agustin.martinez.634@example.com,2026-07-11,PREMIUM,Mendoza
CUST-000635,Valentina,Sanchez,valentina.sanchez.635@example.com,2023-06-18,STANDARD,La Plata
CUST-000636,Paula,Rodriguez,paula.rodriguez.636@example.com,2024-07-22,STANDARD,Buenos Aires
CUST-000637,Agustin,Lopez,agustin.lopez.637@example.com,2023-11-15,STANDARD,Mendoza
CUST-000638,Paula,Fernandez,paula.fernandez.638@example.com,2024-09-27,STANDARD,Córdoba
CUST-000639,Lucia,Lopez,lucia.lopez.639@example.com,2023-06-26,PREMIUM,Buenos Aires
CUST-000640,Martin,Acosta,martin.acosta.640@example.com,2026-05-31,STANDARD,Córdoba
CUST-000641,Mateo,Gomez,mateo.gomez.641@example.com,2023-10-09,PREMIUM,Córdoba
CUST-000642,Martin,Diaz,martin.diaz.642@example.com,2025-12-07,STANDARD,Rosario
CUST-000643,Sofia,Diaz,sofia.diaz.643@example.com,2023-09-17,PREMIUM,Rosario
CUST-000644,Mateo,Gomez,mateo.gomez.644@example.com,2024-11-17,PREMIUM,Rosario
CUST-000645,Agustin,Fernandez,agustin.fernandez.645@example.com,2024-06-22,PREMIUM,La Plata
CUST-000646,Mateo,Romero,mateo.romero.646@example.com,2025-07-21,STANDARD,Buenos Aires
CUST-000647,Martin,Acosta,martin.acosta.647@example.com,2023-12-08,STANDARD,Rosario
CUST-000648,Mateo,Acosta,mateo.acosta.648@example.com,2023-08-25,STANDARD,La Plata
CUST-000649,Lucia,Gomez,lucia.gomez.649@example.com,2023-01-26,STANDARD,Mendoza
CUST-000650,Nicolas,Sanchez,nicolas.sanchez.650@example.com,2023-11-04,STANDARD,Buenos Aires
CUST-000651,Agustin,Sanchez,agustin.sanchez.651@example.com,2024-04-04,STANDARD,Mendoza
CUST-000652,Nicolas,Martinez,nicolas.martinez.652@example.com,2023-06-09,STANDARD,Buenos Aires
CUST-000653,Agustin,Gomez,agustin.gomez.653@example.com,2024-01-03,STANDARD,La Plata
CUST-000654,Lucia,Sanchez,lucia.sanchez.654@example.com,2023-05-22,PREMIUM,Rosario
CUST-000655,Camila,Diaz,camila.diaz.655@example.com,2023-06-26,STANDARD,Buenos Aires
CUST-000656,Nicolas,Lopez,nicolas.lopez.656@example.com,2024-08-20,STANDARD,Rosario
CUST-000657,Paula,Lopez,paula.lopez.657@example.com,2025-08-08,STANDARD,Mendoza
CUST-000658,Juan,Torres,juan.torres.658@example.com,2024-05-17,STANDARD,Mendoza
CUST-000659,Lucia,Lopez,lucia.lopez.659@example.com,2026-01-14,STANDARD,Buenos Aires
CUST-000660,Nicolas,Gomez,nicolas.gomez.660@example.com,2025-02-09,PREMIUM,Rosario
CUST-000661,Mateo,Lopez,mateo.lopez.661@example.com,2025-12-21,BUSINESS,Mendoza
CUST-000662,Martin,Gomez,martin.gomez.662@example.com,2023-10-19,PREMIUM,Buenos Aires
CUST-000663,Lucia,Lopez,lucia.lopez.663@example.com,2025-11-30,STANDARD,Rosario
CUST-000664,Martin,Fernandez,martin.fernandez.664@example.com,2026-04-04,STANDARD,Córdoba
CUST-000665,Valentina,Fernandez,valentina.fernandez.665@example.com,2026-04-27,STANDARD,Mendoza
CUST-000666,Sofia,Lopez,sofia.lopez.666@example.com,2024-08-20,STANDARD,Rosario
CUST-000667,Valentina,Diaz,valentina.diaz.667@example.com,2024-10-13,STANDARD,Córdoba
CUST-000668,Mateo,Lopez,mateo.lopez.668@example.com,2023-10-06,PREMIUM,La Plata
CUST-000669,Mateo,Rodriguez,mateo.rodriguez.669@example.com,2023-08-05,STANDARD,Mendoza
CUST-000670,Nicolas,Sanchez,nicolas.sanchez.670@example.com,2023-09-05,STANDARD,Córdoba
CUST-000671,Martin,Martinez,martin.martinez.671@example.com,2025-08-06,STANDARD,Buenos Aires
CUST-000672,Mateo,Rodriguez,mateo.rodriguez.672@example.com,2024-09-15,PREMIUM,La Plata
CUST-000673,Lucia,Lopez,lucia.lopez.673@example.com,2024-11-02,STANDARD,Córdoba
CUST-000674,Nicolas,Sanchez,nicolas.sanchez.674@example.com,2025-11-17,STANDARD,Rosario
CUST-000675,Camila,Rodriguez,camila.rodriguez.675@example.com,2023-03-05,BUSINESS,Mendoza
CUST-000676,Agustin,Torres,agustin.torres.676@example.com,2024-05-26,STANDARD,Buenos Aires
CUST-000677,Sofia,Fernandez,sofia.fernandez.677@example.com,2023-01-25,STANDARD,Córdoba
CUST-000678,Sofia,Lopez,sofia.lopez.678@example.com,2025-03-31,STANDARD,Buenos Aires
CUST-000679,Paula,Acosta,paula.acosta.679@example.com,2024-06-14,PREMIUM,Buenos Aires
CUST-000680,Lucia,Fernandez,lucia.fernandez.680@example.com,2024-02-09,PREMIUM,Mendoza
CUST-000681,Sofia,Fernandez,sofia.fernandez.681@example.com,2024-11-10,STANDARD,Mendoza
CUST-000682,Lucia,Rodriguez,lucia.rodriguez.682@example.com,2026-03-21,STANDARD,Mendoza
CUST-000683,Martin,Gomez,martin.gomez.683@example.com,2025-02-22,STANDARD,Córdoba
CUST-000684,Nicolas,Lopez,nicolas.lopez.684@example.com,2024-01-19,STANDARD,Mendoza
CUST-000685,Sofia,Gomez,sofia.gomez.685@example.com,2026-06-11,STANDARD,Córdoba
CUST-000686,Camila,Romero,camila.romero.686@example.com,2025-04-23,PREMIUM,Mendoza
CUST-000687,Lucia,Fernandez,lucia.fernandez.687@example.com,2024-07-26,STANDARD,Mendoza
CUST-000688,Juan,Torres,juan.torres.688@example.com,2024-05-25,STANDARD,La Plata
CUST-000689,Lucia,Sanchez,lucia.sanchez.689@example.com,2025-01-05,STANDARD,Mendoza
CUST-000690,Nicolas,Acosta,nicolas.acosta.690@example.com,2025-10-25,STANDARD,Rosario
CUST-000691,Sofia,Gomez,sofia.gomez.691@example.com,2024-10-15,STANDARD,Buenos Aires
CUST-000692,Camila,Gomez,camila.gomez.692@example.com,2025-08-24,STANDARD,La Plata
CUST-000693,Juan,Rodriguez,juan.rodriguez.693@example.com,2023-07-25,STANDARD,Córdoba
CUST-000694,Camila,Torres,camila.torres.694@example.com,2023-04-25,PREMIUM,Córdoba
CUST-000695,Paula,Sanchez,paula.sanchez.695@example.com,2024-12-27,PREMIUM,Córdoba
CUST-000696,Sofia,Lopez,sofia.lopez.696@example.com,2026-04-28,STANDARD,Rosario
CUST-000697,Paula,Gomez,paula.gomez.697@example.com,2024-12-21,PREMIUM,La Plata
CUST-000698,Sofia,Acosta,sofia.acosta.698@example.com,2024-01-21,PREMIUM,Mendoza
CUST-000699,Agustin,Martinez,agustin.martinez.699@example.com,2023-12-26,STANDARD,Buenos Aires
CUST-000700,Lucia,Lopez,lucia.lopez.700@example.com,2026-05-17,STANDARD,La Plata
CUST-000701,Martin,Gomez,martin.gomez.701@example.com,2024-11-10,PREMIUM,Córdoba
CUST-000702,Sofia,Diaz,sofia.diaz.702@example.com,2023-12-30,PREMIUM,Rosario
CUST-000703,Lucia,Gomez,lucia.gomez.703@example.com,2023-10-30,STANDARD,Córdoba
CUST-000704,Mateo,Torres,mateo.torres.704@example.com,2025-01-17,BUSINESS,Rosario
CUST-000705,Valentina,Acosta,valentina.acosta.705@example.com,2023-07-26,STANDARD,Rosario
CUST-000706,Sofia,Rodriguez,sofia.rodriguez.706@example.com,2025-06-13,PREMIUM,Mendoza
CUST-000707,Nicolas,Rodriguez,nicolas.rodriguez.707@example.com,2026-02-24,STANDARD,La Plata
CUST-000708,Nicolas,Lopez,nicolas.lopez.708@example.com,2026-04-21,PREMIUM,Mendoza
CUST-000709,Camila,Martinez,camila.martinez.709@example.com,2023-09-18,STANDARD,Buenos Aires
CUST-000710,Paula,Sanchez,paula.sanchez.710@example.com,2026-03-08,STANDARD,La Plata
CUST-000711,Nicolas,Acosta,nicolas.acosta.711@example.com,2024-03-28,STANDARD,Buenos Aires
CUST-000712,Martin,Rodriguez,martin.rodriguez.712@example.com,2024-11-09,PREMIUM,Córdoba
CUST-000713,Nicolas,Diaz,nicolas.diaz.713@example.com,2023-12-10,STANDARD,Buenos Aires
CUST-000714,Nicolas,Romero,nicolas.romero.714@example.com,2023-01-24,STANDARD,Córdoba
CUST-000715,Mateo,Diaz,mateo.diaz.715@example.com,2024-06-09,PREMIUM,Buenos Aires
CUST-000716,Lucia,Sanchez,lucia.sanchez.716@example.com,2025-06-16,PREMIUM,Córdoba
CUST-000717,Valentina,Romero,valentina.romero.717@example.com,2025-02-14,STANDARD,Mendoza
CUST-000718,Mateo,Romero,mateo.romero.718@example.com,2026-03-29,STANDARD,Córdoba
CUST-000719,Sofia,Romero,sofia.romero.719@example.com,2023-05-31,PREMIUM,Buenos Aires
CUST-000720,Camila,Gomez,camila.gomez.720@example.com,2024-10-14,STANDARD,Buenos Aires
CUST-000721,Mateo,Diaz,mateo.diaz.721@example.com,2023-12-15,PREMIUM,Córdoba
CUST-000722,Mateo,Torres,mateo.torres.722@example.com,2023-07-10,STANDARD,La Plata
CUST-000723,Martin,Gomez,martin.gomez.723@example.com,2025-06-02,PREMIUM,Córdoba
CUST-000724,Paula,Sanchez,paula.sanchez.724@example.com,2023-11-18,STANDARD,Rosario
CUST-000725,Juan,Lopez,juan.lopez.725@example.com,2025-04-18,STANDARD,La Plata
CUST-000726,Camila,Martinez,camila.martinez.726@example.com,2024-09-01,STANDARD,Buenos Aires
CUST-000727,Valentina,Acosta,valentina.acosta.727@example.com,2026-01-30,PREMIUM,Córdoba
CUST-000728,Lucia,Diaz,lucia.diaz.728@example.com,2023-01-08,STANDARD,Rosario
CUST-000729,Paula,Romero,paula.romero.729@example.com,2024-02-13,STANDARD,Córdoba
CUST-000730,Sofia,Martinez,sofia.martinez.730@example.com,2023-06-17,STANDARD,Buenos Aires
CUST-000731,Camila,Sanchez,camila.sanchez.731@example.com,2025-08-22,STANDARD,Rosario
CUST-000732,Mateo,Torres,mateo.torres.732@example.com,2025-03-04,STANDARD,Mendoza
CUST-000733,Nicolas,Rodriguez,nicolas.rodriguez.733@example.com,2025-07-01,STANDARD,Mendoza
CUST-000734,Martin,Martinez,martin.martinez.734@example.com,2024-04-08,PREMIUM,La Plata
CUST-000735,Lucia,Rodriguez,lucia.rodriguez.735@example.com,2023-07-18,STANDARD,Rosario
CUST-000736,Agustin,Sanchez,agustin.sanchez.736@example.com,2026-04-22,STANDARD,Buenos Aires
CUST-000737,Valentina,Torres,valentina.torres.737@example.com,2025-05-07,BUSINESS,Mendoza
CUST-000738,Paula,Lopez,paula.lopez.738@example.com,2025-09-02,STANDARD,Mendoza
CUST-000739,Lucia,Torres,lucia.torres.739@example.com,2026-03-15,PREMIUM,La Plata
CUST-000740,Paula,Rodriguez,paula.rodriguez.740@example.com,2023-09-04,PREMIUM,Mendoza
CUST-000741,Sofia,Rodriguez,sofia.rodriguez.741@example.com,2024-03-09,PREMIUM,Córdoba
CUST-000742,Lucia,Sanchez,lucia.sanchez.742@example.com,2023-06-10,BUSINESS,Mendoza
CUST-000743,Juan,Rodriguez,juan.rodriguez.743@example.com,2026-05-03,STANDARD,Buenos Aires
CUST-000744,Mateo,Sanchez,mateo.sanchez.744@example.com,2026-02-13,STANDARD,Rosario
CUST-000745,Camila,Torres,camila.torres.745@example.com,2025-07-27,PREMIUM,Buenos Aires
CUST-000746,Paula,Acosta,paula.acosta.746@example.com,2025-12-06,PREMIUM,Buenos Aires
CUST-000747,Valentina,Rodriguez,valentina.rodriguez.747@example.com,2023-10-31,STANDARD,La Plata
CUST-000748,Mateo,Fernandez,mateo.fernandez.748@example.com,2026-02-26,PREMIUM,Rosario
CUST-000749,Agustin,Diaz,agustin.diaz.749@example.com,2025-04-21,STANDARD,Mendoza
CUST-000750,Paula,Acosta,paula.acosta.750@example.com,2025-08-26,STANDARD,Rosario
CUST-000751,Valentina,Rodriguez,valentina.rodriguez.751@example.com,2026-06-20,STANDARD,Mendoza
CUST-000752,Lucia,Sanchez,lucia.sanchez.752@example.com,2024-11-09,STANDARD,Buenos Aires
CUST-000753,Martin,Martinez,martin.martinez.753@example.com,2025-02-01,STANDARD,Rosario
CUST-000754,Camila,Martinez,camila.martinez.754@example.com,2025-10-03,PREMIUM,Buenos Aires
CUST-000755,Juan,Rodriguez,juan.rodriguez.755@example.com,2024-09-07,BUSINESS,Mendoza
CUST-000756,Nicolas,Martinez,nicolas.martinez.756@example.com,2025-05-03,STANDARD,Buenos Aires
CUST-000757,Juan,Romero,juan.romero.757@example.com,2024-03-08,PREMIUM,Mendoza
CUST-000758,Martin,Torres,martin.torres.758@example.com,2025-02-04,PREMIUM,La Plata
CUST-000759,Sofia,Fernandez,sofia.fernandez.759@example.com,2024-09-29,PREMIUM,Mendoza
CUST-000760,Sofia,Torres,sofia.torres.760@example.com,2026-03-10,STANDARD,Córdoba
CUST-000761,Juan,Gomez,juan.gomez.761@example.com,2024-05-25,STANDARD,Buenos Aires
CUST-000762,Nicolas,Lopez,nicolas.lopez.762@example.com,2024-07-15,STANDARD,Mendoza
CUST-000763,Agustin,Sanchez,agustin.sanchez.763@example.com,2026-07-25,PREMIUM,Buenos Aires
CUST-000764,Juan,Diaz,juan.diaz.764@example.com,2025-09-28,STANDARD,Córdoba
CUST-000765,Martin,Acosta,martin.acosta.765@example.com,2026-02-03,STANDARD,Córdoba
CUST-000766,Camila,Fernandez,camila.fernandez.766@example.com,2024-08-06,STANDARD,Buenos Aires
CUST-000767,Sofia,Acosta,sofia.acosta.767@example.com,2024-03-14,PREMIUM,Córdoba
CUST-000768,Juan,Martinez,juan.martinez.768@example.com,2026-08-27,STANDARD,Buenos Aires
CUST-000769,Lucia,Romero,lucia.romero.769@example.com,2023-09-28,STANDARD,La Plata
CUST-000770,Lucia,Lopez,lucia.lopez.770@example.com,2024-05-31,STANDARD,Rosario
CUST-000771,Camila,Sanchez,camila.sanchez.771@example.com,2025-02-10,PREMIUM,Mendoza
CUST-000772,Camila,Lopez,camila.lopez.772@example.com,2025-08-13,STANDARD,La Plata
CUST-000773,Paula,Sanchez,paula.sanchez.773@example.com,2026-04-12,STANDARD,La Plata
CUST-000774,Nicolas,Torres,nicolas.torres.774@example.com,2026-08-18,STANDARD,Rosario
CUST-000775,Camila,Fernandez,camila.fernandez.775@example.com,2025-09-13,STANDARD,Rosario
CUST-000776,Nicolas,Martinez,nicolas.martinez.776@example.com,2024-06-18,STANDARD,Rosario
CUST-000777,Juan,Rodriguez,juan.rodriguez.777@example.com,2025-11-25,PREMIUM,Buenos Aires
CUST-000778,Paula,Sanchez,paula.sanchez.778@example.com,2024-10-16,STANDARD,Buenos Aires
CUST-000779,Martin,Martinez,martin.martinez.779@example.com,2024-06-15,PREMIUM,Mendoza
CUST-000780,Valentina,Gomez,valentina.gomez.780@example.com,2026-04-09,PREMIUM,La Plata
CUST-000781,Juan,Diaz,juan.diaz.781@example.com,2024-03-31,STANDARD,Mendoza
CUST-000782,Nicolas,Torres,nicolas.torres.782@example.com,2024-09-06,PREMIUM,La Plata
CUST-000783,Sofia,Martinez,sofia.martinez.783@example.com,2023-07-19,STANDARD,Rosario
CUST-000784,Agustin,Rodriguez,agustin.rodriguez.784@example.com,2024-11-18,STANDARD,Córdoba
CUST-000785,Nicolas,Lopez,nicolas.lopez.785@example.com,2024-09-20,STANDARD,Rosario
CUST-000786,Nicolas,Martinez,nicolas.martinez.786@example.com,2026-04-14,STANDARD,Buenos Aires
CUST-000787,Martin,Gomez,martin.gomez.787@example.com,2026-07-23,STANDARD,La Plata
CUST-000788,Mateo,Romero,mateo.romero.788@example.com,2024-02-03,STANDARD,Mendoza
CUST-000789,Agustin,Martinez,agustin.martinez.789@example.com,2025-04-26,STANDARD,Córdoba
CUST-000790,Sofia,Lopez,sofia.lopez.790@example.com,2024-12-02,STANDARD,La Plata
CUST-000791,Martin,Rodriguez,martin.rodriguez.791@example.com,2024-10-09,PREMIUM,Córdoba
CUST-000792,Mateo,Romero,mateo.romero.792@example.com,2024-11-12,STANDARD,Córdoba
CUST-000793,Nicolas,Gomez,nicolas.gomez.793@example.com,2023-01-10,STANDARD,Córdoba
CUST-000794,Sofia,Acosta,sofia.acosta.794@example.com,2023-11-21,STANDARD,Buenos Aires
CUST-000795,Sofia,Acosta,sofia.acosta.795@example.com,2025-06-07,STANDARD,Mendoza
CUST-000796,Valentina,Romero,valentina.romero.796@example.com,2025-02-24,STANDARD,La Plata
CUST-000797,Juan,Diaz,juan.diaz.797@example.com,2023-01-29,PREMIUM,La Plata
CUST-000798,Juan,Gomez,juan.gomez.798@example.com,2023-01-09,STANDARD,Córdoba
CUST-000799,Juan,Diaz,juan.diaz.799@example.com,2024-10-01,STANDARD,Mendoza
CUST-000800,Agustin,Acosta,agustin.acosta.800@example.com,2024-09-18,STANDARD,Buenos Aires
CUST-000801,Camila,Martinez,camila.martinez.801@example.com,2025-07-22,PREMIUM,La Plata
CUST-000802,Agustin,Diaz,agustin.diaz.802@example.com,2025-06-07,PREMIUM,Córdoba
CUST-000803,Nicolas,Romero,nicolas.romero.803@example.com,2025-01-05,PREMIUM,Córdoba
CUST-000804,Valentina,Gomez,valentina.gomez.804@example.com,2024-04-12,STANDARD,Córdoba
CUST-000805,Juan,Gomez,juan.gomez.805@example.com,2026-04-22,STANDARD,Buenos Aires
CUST-000806,Nicolas,Gomez,nicolas.gomez.806@example.com,2025-02-07,PREMIUM,Rosario
CUST-000807,Agustin,Acosta,agustin.acosta.807@example.com,2023-04-10,STANDARD,Buenos Aires
CUST-000808,Mateo,Gomez,mateo.gomez.808@example.com,2023-04-09,STANDARD,Mendoza
CUST-000809,Martin,Sanchez,martin.sanchez.809@example.com,2023-09-11,STANDARD,Mendoza
CUST-000810,Sofia,Lopez,sofia.lopez.810@example.com,2026-07-14,STANDARD,Mendoza
CUST-000811,Mateo,Torres,mateo.torres.811@example.com,2024-07-06,STANDARD,Córdoba
CUST-000812,Valentina,Fernandez,valentina.fernandez.812@example.com,2025-11-13,PREMIUM,Buenos Aires
CUST-000813,Camila,Fernandez,camila.fernandez.813@example.com,2023-08-06,STANDARD,La Plata
CUST-000814,Juan,Martinez,juan.martinez.814@example.com,2025-12-07,BUSINESS,Rosario
CUST-000815,Valentina,Martinez,valentina.martinez.815@example.com,2023-11-25,STANDARD,Mendoza
CUST-000816,Juan,Romero,juan.romero.816@example.com,2024-11-08,STANDARD,Buenos Aires
CUST-000817,Mateo,Fernandez,mateo.fernandez.817@example.com,2026-03-21,STANDARD,Córdoba
CUST-000818,Mateo,Torres,mateo.torres.818@example.com,2023-06-03,PREMIUM,Buenos Aires
CUST-000819,Camila,Lopez,camila.lopez.819@example.com,2025-07-24,BUSINESS,Rosario
CUST-000820,Camila,Romero,camila.romero.820@example.com,2023-04-13,STANDARD,Córdoba
CUST-000821,Lucia,Martinez,lucia.martinez.821@example.com,2025-01-07,PREMIUM,Rosario
CUST-000822,Valentina,Fernandez,valentina.fernandez.822@example.com,2023-07-14,PREMIUM,Buenos Aires
CUST-000823,Lucia,Rodriguez,lucia.rodriguez.823@example.com,2026-08-18,STANDARD,Rosario
CUST-000824,Martin,Acosta,martin.acosta.824@example.com,2024-07-03,PREMIUM,Buenos Aires
CUST-000825,Nicolas,Diaz,nicolas.diaz.825@example.com,2024-01-10,STANDARD,Mendoza
CUST-000826,Martin,Martinez,martin.martinez.826@example.com,2025-02-28,STANDARD,Mendoza
CUST-000827,Valentina,Rodriguez,valentina.rodriguez.827@example.com,2023-08-20,STANDARD,Buenos Aires
CUST-000828,Sofia,Fernandez,sofia.fernandez.828@example.com,2025-05-02,PREMIUM,Mendoza
CUST-000829,Paula,Romero,paula.romero.829@example.com,2024-01-07,STANDARD,Rosario
CUST-000830,Paula,Gomez,paula.gomez.830@example.com,2023-09-25,STANDARD,Mendoza
CUST-000831,Mateo,Sanchez,mateo.sanchez.831@example.com,2025-06-21,STANDARD,Rosario
CUST-000832,Nicolas,Gomez,nicolas.gomez.832@example.com,2025-12-10,PREMIUM,La Plata
CUST-000833,Paula,Lopez,paula.lopez.833@example.com,2024-11-23,STANDARD,La Plata
CUST-000834,Mateo,Sanchez,mateo.sanchez.834@example.com,2024-05-24,STANDARD,Mendoza
CUST-000835,Sofia,Torres,sofia.torres.835@example.com,2026-06-09,STANDARD,Córdoba
CUST-000836,Agustin,Romero,agustin.romero.836@example.com,2025-10-12,PREMIUM,Buenos Aires
CUST-000837,Martin,Diaz,martin.diaz.837@example.com,2024-05-08,STANDARD,Rosario
CUST-000838,Lucia,Torres,lucia.torres.838@example.com,2024-04-01,STANDARD,Mendoza
CUST-000839,Valentina,Lopez,valentina.lopez.839@example.com,2023-06-11,STANDARD,La Plata
CUST-000840,Martin,Fernandez,martin.fernandez.840@example.com,2025-10-17,STANDARD,Buenos Aires
CUST-000841,Martin,Gomez,martin.gomez.841@example.com,2023-07-30,STANDARD,Buenos Aires
CUST-000842,Agustin,Torres,agustin.torres.842@example.com,2023-01-01,PREMIUM,La Plata
CUST-000843,Paula,Martinez,paula.martinez.843@example.com,2025-11-07,STANDARD,Mendoza
CUST-000844,Nicolas,Diaz,nicolas.diaz.844@example.com,2023-04-22,PREMIUM,Mendoza
CUST-000845,Nicolas,Torres,nicolas.torres.845@example.com,2026-06-23,STANDARD,Rosario
CUST-000846,Martin,Fernandez,martin.fernandez.846@example.com,2023-07-19,PREMIUM,Córdoba
CUST-000847,Lucia,Diaz,lucia.diaz.847@example.com,2024-12-28,PREMIUM,Rosario
CUST-000848,Agustin,Torres,agustin.torres.848@example.com,2025-02-04,PREMIUM,Buenos Aires
CUST-000849,Sofia,Romero,sofia.romero.849@example.com,2023-10-15,PREMIUM,Mendoza
CUST-000850,Mateo,Martinez,mateo.martinez.850@example.com,2026-06-05,STANDARD,Buenos Aires
CUST-000851,Valentina,Lopez,valentina.lopez.851@example.com,2025-07-25,PREMIUM,Córdoba
CUST-000852,Nicolas,Fernandez,nicolas.fernandez.852@example.com,2025-04-28,STANDARD,La Plata
CUST-000853,Mateo,Romero,mateo.romero.853@example.com,2025-07-25,STANDARD,La Plata
CUST-000854,Sofia,Romero,sofia.romero.854@example.com,2023-01-09,STANDARD,Buenos Aires
CUST-000855,Agustin,Sanchez,agustin.sanchez.855@example.com,2026-04-13,STANDARD,La Plata
CUST-000856,Sofia,Acosta,sofia.acosta.856@example.com,2023-12-22,PREMIUM,Córdoba
CUST-000857,Mateo,Sanchez,mateo.sanchez.857@example.com,2026-05-14,STANDARD,Rosario
CUST-000858,Agustin,Sanchez,agustin.sanchez.858@example.com,2025-05-07,BUSINESS,Córdoba
CUST-000859,Camila,Sanchez,camila.sanchez.859@example.com,2024-12-03,BUSINESS,Mendoza
CUST-000860,Sofia,Rodriguez,sofia.rodriguez.860@example.com,2025-04-25,STANDARD,La Plata
CUST-000861,Camila,Torres,camila.torres.861@example.com,2024-10-04,PREMIUM,La Plata
CUST-000862,Juan,Lopez,juan.lopez.862@example.com,2024-03-05,STANDARD,Rosario
CUST-000863,Nicolas,Rodriguez,nicolas.rodriguez.863@example.com,2026-08-24,BUSINESS,Córdoba
CUST-000864,Agustin,Torres,agustin.torres.864@example.com,2026-07-28,STANDARD,Buenos Aires
CUST-000865,Nicolas,Torres,nicolas.torres.865@example.com,2025-09-10,STANDARD,Mendoza
CUST-000866,Agustin,Martinez,agustin.martinez.866@example.com,2025-05-15,PREMIUM,La Plata
CUST-000867,Mateo,Gomez,mateo.gomez.867@example.com,2025-02-19,STANDARD,Buenos Aires
CUST-000868,Juan,Martinez,juan.martinez.868@example.com,2023-11-26,BUSINESS,Rosario
CUST-000869,Sofia,Gomez,sofia.gomez.869@example.com,2024-08-27,STANDARD,La Plata
CUST-000870,Lucia,Diaz,lucia.diaz.870@example.com,2025-07-15,STANDARD,La Plata
CUST-000871,Juan,Torres,juan.torres.871@example.com,2025-03-07,STANDARD,Rosario
CUST-000872,Lucia,Sanchez,lucia.sanchez.872@example.com,2025-03-04,STANDARD,Rosario
CUST-000873,Agustin,Gomez,agustin.gomez.873@example.com,2023-01-27,PREMIUM,Córdoba
CUST-000874,Paula,Romero,paula.romero.874@example.com,2024-04-06,PREMIUM,Rosario
CUST-000875,Paula,Torres,paula.torres.875@example.com,2026-05-20,STANDARD,Córdoba
CUST-000876,Camila,Romero,camila.romero.876@example.com,2023-12-30,BUSINESS,Buenos Aires
CUST-000877,Sofia,Rodriguez,sofia.rodriguez.877@example.com,2025-11-18,STANDARD,Buenos Aires
CUST-000878,Valentina,Martinez,valentina.martinez.878@example.com,2026-02-13,STANDARD,Córdoba
CUST-000879,Paula,Martinez,paula.martinez.879@example.com,2023-01-12,STANDARD,Córdoba
CUST-000880,Lucia,Rodriguez,lucia.rodriguez.880@example.com,2024-10-22,STANDARD,La Plata
CUST-000881,Camila,Romero,camila.romero.881@example.com,2026-03-18,STANDARD,Buenos Aires
CUST-000882,Nicolas,Torres,nicolas.torres.882@example.com,2024-03-26,BUSINESS,La Plata
CUST-000883,Mateo,Torres,mateo.torres.883@example.com,2023-11-23,STANDARD,La Plata
CUST-000884,Valentina,Fernandez,valentina.fernandez.884@example.com,2024-12-16,STANDARD,Córdoba
CUST-000885,Nicolas,Diaz,nicolas.diaz.885@example.com,2025-01-08,STANDARD,La Plata
CUST-000886,Agustin,Romero,agustin.romero.886@example.com,2026-02-23,PREMIUM,Buenos Aires
CUST-000887,Mateo,Diaz,mateo.diaz.887@example.com,2025-07-01,STANDARD,La Plata
CUST-000888,Paula,Lopez,paula.lopez.888@example.com,2023-03-23,STANDARD,Rosario
CUST-000889,Valentina,Fernandez,valentina.fernandez.889@example.com,2025-03-01,STANDARD,Rosario
CUST-000890,Lucia,Torres,lucia.torres.890@example.com,2025-02-06,STANDARD,La Plata
CUST-000891,Martin,Romero,martin.romero.891@example.com,2023-03-31,STANDARD,Córdoba
CUST-000892,Nicolas,Torres,nicolas.torres.892@example.com,2023-06-18,PREMIUM,Córdoba
CUST-000893,Agustin,Torres,agustin.torres.893@example.com,2023-01-16,STANDARD,Córdoba
CUST-000894,Juan,Sanchez,juan.sanchez.894@example.com,2023-08-01,STANDARD,Mendoza
CUST-000895,Mateo,Rodriguez,mateo.rodriguez.895@example.com,2023-02-18,STANDARD,Rosario
CUST-000896,Lucia,Fernandez,lucia.fernandez.896@example.com,2023-05-31,STANDARD,Rosario
CUST-000897,Agustin,Fernandez,agustin.fernandez.897@example.com,2026-03-23,PREMIUM,Rosario
CUST-000898,Valentina,Sanchez,valentina.sanchez.898@example.com,2025-07-12,STANDARD,Mendoza
CUST-000899,Nicolas,Gomez,nicolas.gomez.899@example.com,2025-03-08,STANDARD,La Plata
CUST-000900,Lucia,Acosta,lucia.acosta.900@example.com,2023-05-10,PREMIUM,La Plata
CUST-000901,Lucia,Fernandez,lucia.fernandez.901@example.com,2025-01-02,PREMIUM,Buenos Aires
CUST-000902,Camila,Martinez,camila.martinez.902@example.com,2026-05-27,STANDARD,Mendoza
CUST-000903,Valentina,Sanchez,valentina.sanchez.903@example.com,2023-03-05,STANDARD,La Plata
CUST-000904,Juan,Rodriguez,juan.rodriguez.904@example.com,2025-03-11,PREMIUM,La Plata
CUST-000905,Camila,Rodriguez,camila.rodriguez.905@example.com,2024-09-02,STANDARD,Rosario
CUST-000906,Lucia,Torres,lucia.torres.906@example.com,2026-02-10,STANDARD,Buenos Aires
CUST-000907,Lucia,Acosta,lucia.acosta.907@example.com,2026-05-06,STANDARD,La Plata
CUST-000908,Mateo,Martinez,mateo.martinez.908@example.com,2024-03-06,PREMIUM,Rosario
CUST-000909,Juan,Sanchez,juan.sanchez.909@example.com,2026-08-15,PREMIUM,Córdoba
CUST-000910,Sofia,Rodriguez,sofia.rodriguez.910@example.com,2024-03-28,STANDARD,Rosario
CUST-000911,Juan,Fernandez,juan.fernandez.911@example.com,2024-01-07,STANDARD,La Plata
CUST-000912,Lucia,Torres,lucia.torres.912@example.com,2025-08-02,STANDARD,Buenos Aires
CUST-000913,Camila,Fernandez,camila.fernandez.913@example.com,2024-05-28,STANDARD,La Plata
CUST-000914,Martin,Diaz,martin.diaz.914@example.com,2025-01-01,STANDARD,Córdoba
CUST-000915,Mateo,Martinez,mateo.martinez.915@example.com,2026-06-22,STANDARD,Córdoba
CUST-000916,Nicolas,Romero,nicolas.romero.916@example.com,2025-07-11,STANDARD,Rosario
CUST-000917,Paula,Rodriguez,paula.rodriguez.917@example.com,2026-03-04,STANDARD,Rosario
CUST-000918,Valentina,Rodriguez,valentina.rodriguez.918@example.com,2023-01-10,STANDARD,Córdoba
CUST-000919,Valentina,Martinez,valentina.martinez.919@example.com,2025-01-06,STANDARD,Rosario
CUST-000920,Martin,Romero,martin.romero.920@example.com,2025-07-01,STANDARD,Rosario
CUST-000921,Martin,Torres,martin.torres.921@example.com,2023-08-11,STANDARD,La Plata
CUST-000922,Mateo,Martinez,mateo.martinez.922@example.com,2023-10-14,PREMIUM,Córdoba
CUST-000923,Camila,Fernandez,camila.fernandez.923@example.com,2023-06-04,PREMIUM,La Plata
CUST-000924,Lucia,Acosta,lucia.acosta.924@example.com,2026-03-31,STANDARD,La Plata
CUST-000925,Juan,Gomez,juan.gomez.925@example.com,2026-02-03,STANDARD,La Plata
CUST-000926,Martin,Rodriguez,martin.rodriguez.926@example.com,2025-01-19,STANDARD,La Plata
CUST-000927,Camila,Rodriguez,camila.rodriguez.927@example.com,2025-08-09,STANDARD,Buenos Aires
CUST-000928,Valentina,Diaz,valentina.diaz.928@example.com,2025-10-25,STANDARD,Córdoba
CUST-000929,Paula,Rodriguez,paula.rodriguez.929@example.com,2025-11-18,STANDARD,Córdoba
CUST-000930,Sofia,Acosta,sofia.acosta.930@example.com,2026-03-04,STANDARD,Córdoba
CUST-000931,Martin,Diaz,martin.diaz.931@example.com,2023-03-24,STANDARD,Mendoza
CUST-000932,Juan,Fernandez,juan.fernandez.932@example.com,2024-06-25,STANDARD,Buenos Aires
CUST-000933,Juan,Torres,juan.torres.933@example.com,2025-01-09,STANDARD,Mendoza
CUST-000934,Lucia,Gomez,lucia.gomez.934@example.com,2026-08-21,STANDARD,La Plata
CUST-000935,Camila,Martinez,camila.martinez.935@example.com,2026-03-31,STANDARD,Córdoba
CUST-000936,Valentina,Sanchez,valentina.sanchez.936@example.com,2025-01-18,STANDARD,Buenos Aires
CUST-000937,Agustin,Martinez,agustin.martinez.937@example.com,2025-02-09,BUSINESS,Córdoba
CUST-000938,Agustin,Sanchez,agustin.sanchez.938@example.com,2024-12-23,PREMIUM,Rosario
CUST-000939,Martin,Romero,martin.romero.939@example.com,2026-05-22,STANDARD,Córdoba
CUST-000940,Martin,Rodriguez,martin.rodriguez.940@example.com,2024-04-16,STANDARD,Rosario
CUST-000941,Juan,Rodriguez,juan.rodriguez.941@example.com,2024-01-18,STANDARD,La Plata
CUST-000942,Mateo,Lopez,mateo.lopez.942@example.com,2025-04-29,PREMIUM,Buenos Aires
CUST-000943,Martin,Romero,martin.romero.943@example.com,2025-09-08,STANDARD,Córdoba
CUST-000944,Valentina,Gomez,valentina.gomez.944@example.com,2024-05-14,STANDARD,La Plata
CUST-000945,Paula,Rodriguez,paula.rodriguez.945@example.com,2023-10-03,STANDARD,Buenos Aires
CUST-000946,Paula,Rodriguez,paula.rodriguez.946@example.com,2023-04-25,STANDARD,Córdoba
CUST-000947,Agustin,Sanchez,agustin.sanchez.947@example.com,2026-05-12,BUSINESS,Buenos Aires
CUST-000948,Camila,Fernandez,camila.fernandez.948@example.com,2024-03-19,STANDARD,Mendoza
CUST-000949,Martin,Rodriguez,martin.rodriguez.949@example.com,2024-03-25,PREMIUM,La Plata
CUST-000950,Sofia,Acosta,sofia.acosta.950@example.com,2024-01-08,STANDARD,La Plata
CUST-000951,Camila,Rodriguez,camila.rodriguez.951@example.com,2024-12-02,PREMIUM,La Plata
CUST-000952,Paula,Fernandez,paula.fernandez.952@example.com,2024-04-15,STANDARD,Córdoba
CUST-000953,Mateo,Gomez,mateo.gomez.953@example.com,2024-02-19,STANDARD,La Plata
CUST-000954,Valentina,Rodriguez,valentina.rodriguez.954@example.com,2026-05-25,STANDARD,Mendoza
CUST-000955,Paula,Acosta,paula.acosta.955@example.com,2023-03-21,PREMIUM,La Plata
CUST-000956,Agustin,Fernandez,agustin.fernandez.956@example.com,2023-07-10,STANDARD,Córdoba
CUST-000957,Paula,Torres,paula.torres.957@example.com,2023-01-03,PREMIUM,Mendoza
CUST-000958,Agustin,Sanchez,agustin.sanchez.958@example.com,2025-01-28,PREMIUM,La Plata
CUST-000959,Valentina,Lopez,valentina.lopez.959@example.com,2025-09-14,PREMIUM,Mendoza
CUST-000960,Nicolas,Acosta,nicolas.acosta.960@example.com,2026-03-25,STANDARD,Córdoba
CUST-000961,Camila,Romero,camila.romero.961@example.com,2024-04-21,PREMIUM,Buenos Aires
CUST-000962,Camila,Acosta,camila.acosta.962@example.com,2026-01-18,STANDARD,Córdoba
CUST-000963,Lucia,Gomez,lucia.gomez.963@example.com,2026-03-29,STANDARD,La Plata
CUST-000964,Lucia,Sanchez,lucia.sanchez.964@example.com,2024-02-25,STANDARD,Rosario
CUST-000965,Valentina,Diaz,valentina.diaz.965@example.com,2023-08-07,STANDARD,La Plata
CUST-000966,Camila,Martinez,camila.martinez.966@example.com,2026-01-02,STANDARD,Rosario
CUST-000967,Paula,Martinez,paula.martinez.967@example.com,2025-03-24,PREMIUM,Mendoza
CUST-000968,Agustin,Torres,agustin.torres.968@example.com,2025-09-15,STANDARD,La Plata
CUST-000969,Agustin,Romero,agustin.romero.969@example.com,2024-06-03,BUSINESS,La Plata
CUST-000970,Nicolas,Sanchez,nicolas.sanchez.970@example.com,2023-10-10,PREMIUM,Buenos Aires
CUST-000971,Juan,Romero,juan.romero.971@example.com,2023-11-28,STANDARD,La Plata
CUST-000972,Valentina,Diaz,valentina.diaz.972@example.com,2026-02-01,STANDARD,Buenos Aires
CUST-000973,Sofia,Sanchez,sofia.sanchez.973@example.com,2026-07-26,STANDARD,Buenos Aires
CUST-000974,Sofia,Romero,sofia.romero.974@example.com,2026-05-14,STANDARD,Buenos Aires
CUST-000975,Camila,Lopez,camila.lopez.975@example.com,2025-01-29,STANDARD,Buenos Aires
CUST-000976,Valentina,Sanchez,valentina.sanchez.976@example.com,2026-06-11,STANDARD,Rosario
CUST-000977,Paula,Gomez,paula.gomez.977@example.com,2023-12-25,STANDARD,Mendoza
CUST-000978,Lucia,Lopez,lucia.lopez.978@example.com,2025-11-27,STANDARD,Buenos Aires
CUST-000979,Paula,Torres,paula.torres.979@example.com,2025-11-22,STANDARD,La Plata
CUST-000980,Sofia,Gomez,sofia.gomez.980@example.com,2025-01-06,STANDARD,Buenos Aires
CUST-000981,Sofia,Fernandez,sofia.fernandez.981@example.com,2024-07-19,PREMIUM,Rosario
CUST-000982,Valentina,Sanchez,valentina.sanchez.982@example.com,2026-04-15,STANDARD,Buenos Aires
CUST-000983,Mateo,Fernandez,mateo.fernandez.983@example.com,2026-01-30,STANDARD,La Plata
CUST-000984,Paula,Diaz,paula.diaz.984@example.com,2024-12-12,BUSINESS,Rosario
CUST-000985,Juan,Acosta,juan.acosta.985@example.com,2024-02-03,STANDARD,Mendoza
CUST-000986,Paula,Gomez,paula.gomez.986@example.com,2024-06-18,STANDARD,La Plata
CUST-000987,Mateo,Torres,mateo.torres.987@example.com,2023-05-29,STANDARD,Rosario
CUST-000988,Mateo,Torres,mateo.torres.988@example.com,2024-06-11,PREMIUM,La Plata
CUST-000989,Camila,Romero,camila.romero.989@example.com,2025-02-11,STANDARD,Córdoba
CUST-000990,Nicolas,Romero,nicolas.romero.990@example.com,2025-08-01,PREMIUM,Buenos Aires
CUST-000991,Martin,Fernandez,martin.fernandez.991@example.com,2024-06-12,STANDARD,Córdoba
CUST-000992,Juan,Diaz,juan.diaz.992@example.com,2025-04-24,BUSINESS,La Plata
CUST-000993,Agustin,Gomez,agustin.gomez.993@example.com,2024-06-23,STANDARD,Buenos Aires
CUST-000994,Valentina,Diaz,valentina.diaz.994@example.com,2023-06-05,STANDARD,Córdoba
CUST-000995,Martin,Diaz,martin.diaz.995@example.com,2024-12-25,STANDARD,La Plata
CUST-000996,Camila,Rodriguez,camila.rodriguez.996@example.com,2024-01-25,STANDARD,Córdoba
CUST-000997,Juan,Lopez,juan.lopez.997@example.com,2024-06-27,STANDARD,Córdoba
CUST-000998,Juan,Acosta,juan.acosta.998@example.com,2024-12-30,STANDARD,Buenos Aires
CUST-000999,Mateo,Fernandez,mateo.fernandez.999@example.com,2025-10-05,STANDARD,La Plata
CUST-001000,Lucia,Romero,lucia.romero.1000@example.com,2025-01-30,STANDARD,Mendoza
