redemption_id,order_id,promotion_id,discount_amount
RED-0000001,ORD-00000913,PROMO-0001,56.13
RED-0000002,ORD-00002007,PROMO-0008,12.19
RED-0000003,ORD-00000840,PROMO-0022,56.07
RED-0000004,ORD-00004468,PROMO-0003,45.11
RED-0000005,ORD-00000261,PROMO-0001,8.84
RED-0000006,ORD-00001906,PROMO-0017,45.95
RED-0000007,ORD-00004598,PROMO-0007,54.27
RED-0000008,ORD-00004465,PROMO-0014,18.09
RED-0000009,ORD-00004828,PROMO-0009,61.09
RED-0000010,ORD-00000054,PROMO-0025,60.82
RED-0000011,ORD-00003463,PROMO-0011,22.28
RED-0000012,ORD-00001764,PROMO-0025,26.57
RED-0000013,ORD-00000760,PROMO-0013,9.06
RED-0000014,ORD-00002818,PROMO-0020,21.31
RED-0000015,ORD-00000356,PROMO-0024,35.54
RED-0000016,ORD-00001023,PROMO-0030,29.63
RED-0000017,ORD-00004523,PROMO-0010,62.55
RED-0000018,ORD-00002963,PROMO-0019,16.04
RED-0000019,ORD-00000570,PROMO-0002,50.27
RED-0000020,ORD-00002371,PROMO-0003,64.44
RED-0000021,ORD-00000828,PROMO-0013,22.29
RED-0000022,ORD-00002989,PROMO-0006,29.02
RED-0000023,ORD-00001717,PROMO-0022,21.49
RED-0000024,ORD-00000585,PROMO-0020,48.35
RED-0000025,ORD-00004376,PROMO-0024,19.87
RED-0000026,ORD-00003787,PROMO-0013,21.71
RED-0000027,ORD-00004563,PROMO-0008,51.98
RED-0000028,ORD-00000459,PROMO-0008,61.99
RED-0000029,ORD-00002585,PROMO-0013,21.55
RED-0000030,ORD-00001729,PROMO-0030,70.83
RED-0000031,ORD-00002578,PROMO-0007,49.85
RED-0000032,ORD-00003242,PROMO-0029,68.76
RED-0000033,ORD-00003759,PROMO-0005,21.34
RED-0000034,ORD-00002021,PROMO-0024,42.98
RED-0000035,ORD-00002153,PROMO-0024,44.67
RED-0000036,ORD-00004781,PROMO-0013,28.43
RED-0000037,ORD-00001134,PROMO-0017,38.03
RED-0000038,ORD-00000386,PROMO-0028,10.0
RED-0000039,ORD-00001311,PROMO-0026,51.68
RED-0000040,ORD-00004886,PROMO-0003,30.09
RED-0000041,ORD-00004882,PROMO-0015,40.63
RED-0000042,ORD-00004533,PROMO-0028,70.8
RED-0000043,ORD-00000939,PROMO-0022,66.59
RED-0000044,ORD-00002186,PROMO-0025,48.79
RED-0000045,ORD-00000914,PROMO-0010,33.74
RED-0000046,ORD-00003717,PROMO-0001,71.63
RED-0000047,ORD-00002158,PROMO-0017,57.62
RED-0000048,ORD-00004159,PROMO-0030,9.77
RED-0000049,ORD-00002445,PROMO-0027,48.64
RED-0000050,ORD-00004989,PROMO-0007,13.16
RED-0000051,ORD-00001324,PROMO-0018,71.61
RED-0000052,ORD-00004345,PROMO-0030,2.04
RED-0000053,ORD-00002656,PROMO-0016,3.42
RED-0000054,ORD-00002974,PROMO-0029,73.93
RED-0000055,ORD-00002520,PROMO-0008,6.23
RED-0000056,ORD-00004648,PROMO-0003,8.25
RED-0000057,ORD-00003982,PROMO-0027,7.05
RED-0000058,ORD-00004364,PROMO-0025,11.18
RED-0000059,ORD-00003894,PROMO-0018,14.05
RED-0000060,ORD-00004323,PROMO-0028,46.28
RED-0000061,ORD-00001736,PROMO-0030,41.37
RED-0000062,ORD-00001648,PROMO-0023,24.76
RED-0000063,ORD-00003060,PROMO-0015,67.67
RED-0000064,ORD-00003699,PROMO-0004,20.1
RED-0000065,ORD-00000525,PROMO-0011,3.54
RED-0000066,ORD-00004538,PROMO-0008,44.96
RED-0000067,ORD-00000059,PROMO-0003,53.67
RED-0000068,ORD-00000483,PROMO-0008,6.92
RED-0000069,ORD-00000258,PROMO-0028,26.12
RED-0000070,ORD-00004212,PROMO-0008,22.33
RED-0000071,ORD-00003977,PROMO-0007,41.36
RED-0000072,ORD-00004678,PROMO-0019,36.5
RED-0000073,ORD-00003875,PROMO-0026,31.72
RED-0000074,ORD-00000773,PROMO-0004,50.11
RED-0000075,ORD-00002903,PROMO-0014,32.01
RED-0000076,ORD-00000444,PROMO-0022,49.7
RED-0000077,ORD-00000807,PROMO-0002,31.39
RED-0000078,ORD-00002780,PROMO-0026,64.9
RED-0000079,ORD-00002037,PROMO-0007,15.89
RED-0000080,ORD-00003676,PROMO-0005,32.8
RED-0000081,ORD-00002282,PROMO-0015,20.24
RED-0000082,ORD-00000618,PROMO-0015,60.99
RED-0000083,ORD-00004509,PROMO-0004,5.69
RED-0000084,ORD-00004429,PROMO-0027,3.08
RED-0000085,ORD-00000765,PROMO-0030,57.01
RED-0000086,ORD-00001937,PROMO-0006,31.67
RED-0000087,ORD-00003944,PROMO-0007,65.12
RED-0000088,ORD-00000481,PROMO-0006,29.67
RED-0000089,ORD-00003199,PROMO-0009,69.64
RED-0000090,ORD-00003728,PROMO-0010,32.88
RED-0000091,ORD-00004553,PROMO-0022,54.44
RED-0000092,ORD-00001269,PROMO-0007,23.66
RED-0000093,ORD-00000480,PROMO-0019,55.71
RED-0000094,ORD-00000500,PROMO-0024,24.89
RED-0000095,ORD-00000411,PROMO-0019,36.81
RED-0000096,ORD-00004351,PROMO-0006,6.15
RED-0000097,ORD-00004161,PROMO-0003,64.15
RED-0000098,ORD-00000562,PROMO-0020,6.96
RED-0000099,ORD-00001927,PROMO-0013,10.75
RED-0000100,ORD-00004667,PROMO-0008,44.26
RED-0000101,ORD-00000326,PROMO-0020,7.98
RED-0000102,ORD-00004782,PROMO-0019,40.16
RED-0000103,ORD-00002137,PROMO-0007,50.89
RED-0000104,ORD-00002574,PROMO-0008,21.39
RED-0000105,ORD-00001073,PROMO-0022,49.12
RED-0000106,ORD-00003746,PROMO-0011,69.82
RED-0000107,ORD-00000595,PROMO-0001,35.45
RED-0000108,ORD-00004613,PROMO-0004,7.35
RED-0000109,ORD-00001747,PROMO-0017,21.36
RED-0000110,ORD-00002860,PROMO-0029,7.02
RED-0000111,ORD-00002002,PROMO-0012,22.8
RED-0000112,ORD-00003590,PROMO-0027,41.65
RED-0000113,ORD-00002479,PROMO-0020,73.82
RED-0000114,ORD-00004334,PROMO-0001,50.75
RED-0000115,ORD-00004544,PROMO-0010,70.02
RED-0000116,ORD-00000849,PROMO-0029,11.8
RED-0000117,ORD-00000946,PROMO-0029,9.81
RED-0000118,ORD-00004533,PROMO-0005,21.88
RED-0000119,ORD-00004955,PROMO-0007,54.39
RED-0000120,ORD-00001668,PROMO-0022,48.3
RED-0000121,ORD-00002163,PROMO-0017,37.66
RED-0000122,ORD-00000417,PROMO-0003,48.3
RED-0000123,ORD-00002267,PROMO-0002,2.26
RED-0000124,ORD-00001072,PROMO-0021,73.53
RED-0000125,ORD-00001324,PROMO-0024,34.25
RED-0000126,ORD-00003504,PROMO-0018,2.71
RED-0000127,ORD-00000617,PROMO-0029,52.44
RED-0000128,ORD-00001222,PROMO-0018,4.63
RED-0000129,ORD-00003025,PROMO-0019,42.33
RED-0000130,ORD-00003521,PROMO-0005,5.05
RED-0000131,ORD-00002988,PROMO-0029,70.12
RED-0000132,ORD-00000327,PROMO-0029,28.12
RED-0000133,ORD-00002045,PROMO-0022,9.5
RED-0000134,ORD-00004587,PROMO-0029,65.85
RED-0000135,ORD-00001267,PROMO-0030,69.88
RED-0000136,ORD-00001332,PROMO-0026,61.19
RED-0000137,ORD-00003378,PROMO-0001,15.09
RED-0000138,ORD-00002722,PROMO-0026,69.95
RED-0000139,ORD-00002033,PROMO-0009,13.62
RED-0000140,ORD-00000886,PROMO-0013,65.67
RED-0000141,ORD-00003856,PROMO-0008,16.57
RED-0000142,ORD-00003771,PROMO-0012,24.28
RED-0000143,ORD-00001865,PROMO-0008,3.73
RED-0000144,ORD-00001583,PROMO-0013,25.96
RED-0000145,ORD-00000569,PROMO-0025,22.38
RED-0000146,ORD-00004174,PROMO-0013,51.6
RED-0000147,ORD-00004393,PROMO-0011,70.56
RED-0000148,ORD-00000945,PROMO-0029,72.84
RED-0000149,ORD-00001463,PROMO-0019,72.27
RED-0000150,ORD-00002175,PROMO-0002,9.91
RED-0000151,ORD-00003560,PROMO-0012,55.18
RED-0000152,ORD-00002570,PROMO-0014,46.25
RED-0000153,ORD-00004190,PROMO-0004,30.12
RED-0000154,ORD-00004724,PROMO-0007,20.59
RED-0000155,ORD-00003573,PROMO-0001,39.95
RED-0000156,ORD-00004411,PROMO-0022,54.52
RED-0000157,ORD-00001615,PROMO-0012,33.48
RED-0000158,ORD-00002705,PROMO-0020,24.92
RED-0000159,ORD-00001021,PROMO-0024,67.7
RED-0000160,ORD-00004155,PROMO-0010,50.68
RED-0000161,ORD-00002673,PROMO-0013,52.9
RED-0000162,ORD-00004542,PROMO-0005,16.0
RED-0000163,ORD-00003106,PROMO-0022,56.61
RED-0000164,ORD-00001426,PROMO-0020,43.54
RED-0000165,ORD-00003327,PROMO-0018,62.86
RED-0000166,ORD-00002490,PROMO-0010,17.34
RED-0000167,ORD-00004752,PROMO-0020,49.79
RED-0000168,ORD-00003810,PROMO-0015,34.28
RED-0000169,ORD-00001751,PROMO-0017,36.54
RED-0000170,ORD-00001391,PROMO-0022,8.19
RED-0000171,ORD-00004223,PROMO-0022,48.2
RED-0000172,ORD-00002746,PROMO-0003,61.74
RED-0000173,ORD-00001925,PROMO-0022,24.66
RED-0000174,ORD-00001632,PROMO-0005,3.78
RED-0000175,ORD-00002006,PROMO-0016,46.62
RED-0000176,ORD-00000597,PROMO-0015,32.25
RED-0000177,ORD-00004716,PROMO-0007,54.44
RED-0000178,ORD-00003146,PROMO-0016,31.17
RED-0000179,ORD-00001209,PROMO-0021,52.2
RED-0000180,ORD-00000874,PROMO-0025,33.04
RED-0000181,ORD-00001441,PROMO-0026,71.93
RED-0000182,ORD-00004244,PROMO-0015,5.67
RED-0000183,ORD-00002042,PROMO-0030,63.93
RED-0000184,ORD-00003740,PROMO-0005,60.5
RED-0000185,ORD-00004352,PROMO-0018,45.47
RED-0000186,ORD-00003626,PROMO-0020,61.5
RED-0000187,ORD-00004136,PROMO-0014,62.63
RED-0000188,ORD-00004489,PROMO-0015,67.5
RED-0000189,ORD-00003889,PROMO-0015,20.92
RED-0000190,ORD-00002026,PROMO-0027,48.55
RED-0000191,ORD-00004271,PROMO-0016,47.75
RED-0000192,ORD-00002250,PROMO-0015,7.66
RED-0000193,ORD-00002341,PROMO-0008,21.84
RED-0000194,ORD-00002620,PROMO-0029,41.43
RED-0000195,ORD-00001134,PROMO-0005,18.88
RED-0000196,ORD-00001252,PROMO-0023,17.62
RED-0000197,ORD-00003399,PROMO-0014,26.15
RED-0000198,ORD-00003817,PROMO-0014,6.55
RED-0000199,ORD-00003442,PROMO-0013,68.05
RED-0000200,ORD-00004785,PROMO-0023,3.43
RED-0000201,ORD-00004717,PROMO-0013,36.82
RED-0000202,ORD-00002882,PROMO-0010,57.0
RED-0000203,ORD-00003433,PROMO-0018,56.57
RED-0000204,ORD-00004474,PROMO-0026,46.04
RED-0000205,ORD-00001807,PROMO-0016,18.02
RED-0000206,ORD-00003571,PROMO-0016,4.12
RED-0000207,ORD-00002754,PROMO-0022,51.58
RED-0000208,ORD-00003313,PROMO-0024,14.05
RED-0000209,ORD-00003829,PROMO-0030,11.32
RED-0000210,ORD-00004376,PROMO-0001,68.21
RED-0000211,ORD-00004849,PROMO-0019,50.4
RED-0000212,ORD-00000688,PROMO-0021,33.29
RED-0000213,ORD-00003783,PROMO-0006,5.67
RED-0000214,ORD-00003106,PROMO-0011,17.45
RED-0000215,ORD-00002678,PROMO-0011,57.57
RED-0000216,ORD-00003106,PROMO-0009,56.9
RED-0000217,ORD-00003454,PROMO-0009,62.95
RED-0000218,ORD-00003853,PROMO-0001,56.68
RED-0000219,ORD-00000427,PROMO-0012,18.37
RED-0000220,ORD-00000563,PROMO-0025,71.88
RED-0000221,ORD-00000330,PROMO-0025,4.27
RED-0000222,ORD-00002026,PROMO-0007,63.26
RED-0000223,ORD-00001249,PROMO-0008,11.21
RED-0000224,ORD-00000938,PROMO-0019,71.19
RED-0000225,ORD-00003810,PROMO-0023,20.71
RED-0000226,ORD-00003022,PROMO-0006,46.23
RED-0000227,ORD-00000939,PROMO-0025,61.81
RED-0000228,ORD-00002549,PROMO-0004,44.24
RED-0000229,ORD-00002556,PROMO-0019,51.45
RED-0000230,ORD-00003075,PROMO-0013,70.73
RED-0000231,ORD-00001625,PROMO-0003,45.22
RED-0000232,ORD-00001990,PROMO-0004,52.9
RED-0000233,ORD-00002471,PROMO-0028,51.95
RED-0000234,ORD-00000992,PROMO-0026,73.82
RED-0000235,ORD-00000337,PROMO-0012,40.89
RED-0000236,ORD-00003036,PROMO-0003,38.94
RED-0000237,ORD-00002796,PROMO-0001,64.02
RED-0000238,ORD-00004016,PROMO-0004,33.65
RED-0000239,ORD-00002968,PROMO-0021,67.08
RED-0000240,ORD-00003767,PROMO-0023,13.17
RED-0000241,ORD-00001443,PROMO-0024,40.09
RED-0000242,ORD-00002213,PROMO-0020,61.0
RED-0000243,ORD-00004409,PROMO-0025,37.3
RED-0000244,ORD-00003569,PROMO-0027,55.36
RED-0000245,ORD-00002199,PROMO-0011,64.18
RED-0000246,ORD-00000710,PROMO-0009,66.36
RED-0000247,ORD-00001998,PROMO-0025,35.92
RED-0000248,ORD-00005000,PROMO-0022,29.67
RED-0000249,ORD-00000236,PROMO-0016,64.12
RED-0000250,ORD-00001490,PROMO-0016,17.48
RED-0000251,ORD-00002117,PROMO-0011,22.42
RED-0000252,ORD-00004884,PROMO-0023,66.25
RED-0000253,ORD-00004554,PROMO-0001,39.71
RED-0000254,ORD-00001566,PROMO-0003,19.62
RED-0000255,ORD-00003330,PROMO-0016,42.53
RED-0000256,ORD-00001969,PROMO-0023,36.75
RED-0000257,ORD-00004021,PROMO-0015,59.88
RED-0000258,ORD-00000763,PROMO-0010,18.18
RED-0000259,ORD-00001994,PROMO-0010,50.47
RED-0000260,ORD-00003024,PROMO-0016,42.4
RED-0000261,ORD-00002817,PROMO-0014,74.75
RED-0000262,ORD-00004509,PROMO-0011,27.68
RED-0000263,ORD-00003718,PROMO-0009,24.38
RED-0000264,ORD-00001889,PROMO-0004,54.65
RED-0000265,ORD-00002585,PROMO-0004,56.23
RED-0000266,ORD-00001517,PROMO-0007,17.8
RED-0000267,ORD-00003967,PROMO-0009,54.89
RED-0000268,ORD-00004298,PROMO-0020,22.66
RED-0000269,ORD-00000824,PROMO-0027,16.17
RED-0000270,ORD-00001864,PROMO-0012,15.1
RED-0000271,ORD-00000116,PROMO-0023,40.99
RED-0000272,ORD-00002248,PROMO-0002,73.12
RED-0000273,ORD-00004534,PROMO-0010,52.91
RED-0000274,ORD-00001035,PROMO-0021,65.4
RED-0000275,ORD-00004022,PROMO-0004,65.71
RED-0000276,ORD-00004703,PROMO-0010,36.27
RED-0000277,ORD-00003609,PROMO-0011,15.46
RED-0000278,ORD-00000421,PROMO-0009,70.7
RED-0000279,ORD-00003914,PROMO-0004,62.01
RED-0000280,ORD-00003283,PROMO-0016,7.41
RED-0000281,ORD-00000440,PROMO-0005,12.89
RED-0000282,ORD-00004611,PROMO-0010,8.22
RED-0000283,ORD-00002034,PROMO-0004,42.74
RED-0000284,ORD-00003410,PROMO-0020,45.52
RED-0000285,ORD-00001849,PROMO-0025,40.15
RED-0000286,ORD-00003691,PROMO-0030,34.32
RED-0000287,ORD-00004822,PROMO-0014,24.29
RED-0000288,ORD-00000494,PROMO-0020,72.09
RED-0000289,ORD-00000813,PROMO-0025,17.17
RED-0000290,ORD-00001729,PROMO-0009,50.21
RED-0000291,ORD-00001287,PROMO-0008,14.69
RED-0000292,ORD-00000615,PROMO-0006,2.2
RED-0000293,ORD-00003691,PROMO-0023,45.35
RED-0000294,ORD-00002386,PROMO-0002,18.9
RED-0000295,ORD-00002317,PROMO-0023,64.75
RED-0000296,ORD-00000584,PROMO-0022,19.04
RED-0000297,ORD-00002168,PROMO-0026,59.76
RED-0000298,ORD-00004832,PROMO-0022,60.69
RED-0000299,ORD-00001621,PROMO-0014,10.38
RED-0000300,ORD-00001842,PROMO-0021,12.88
RED-0000301,ORD-00002177,PROMO-0027,12.38
RED-0000302,ORD-00000489,PROMO-0006,59.86
RED-0000303,ORD-00004875,PROMO-0024,62.17
RED-0000304,ORD-00002365,PROMO-0015,11.08
RED-0000305,ORD-00002492,PROMO-0023,31.38
RED-0000306,ORD-00002231,PROMO-0017,41.42
RED-0000307,ORD-00003587,PROMO-0003,45.66
RED-0000308,ORD-00003540,PROMO-0024,25.53
RED-0000309,ORD-00002052,PROMO-0001,8.67
RED-0000310,ORD-00004713,PROMO-0019,71.41
RED-0000311,ORD-00002208,PROMO-0019,4.94
RED-0000312,ORD-00001436,PROMO-0016,39.88
RED-0000313,ORD-00003623,PROMO-0030,22.31
RED-0000314,ORD-00004796,PROMO-0014,48.34
RED-0000315,ORD-00004029,PROMO-0003,36.31
RED-0000316,ORD-00003346,PROMO-0011,25.44
RED-0000317,ORD-00000857,PROMO-0028,13.74
RED-0000318,ORD-00003373,PROMO-0023,38.17
RED-0000319,ORD-00003281,PROMO-0027,57.52
RED-0000320,ORD-00000301,PROMO-0015,8.43
RED-0000321,ORD-00002068,PROMO-0011,10.46
RED-0000322,ORD-00003312,PROMO-0028,39.57
RED-0000323,ORD-00000010,PROMO-0022,65.46
RED-0000324,ORD-00003785,PROMO-0014,5.96
RED-0000325,ORD-00004248,PROMO-0012,47.45
RED-0000326,ORD-00004084,PROMO-0021,34.27
RED-0000327,ORD-00000423,PROMO-0007,21.5
RED-0000328,ORD-00001074,PROMO-0030,23.03
RED-0000329,ORD-00003971,PROMO-0004,4.11
RED-0000330,ORD-00004988,PROMO-0026,19.47
RED-0000331,ORD-00001298,PROMO-0010,42.21
RED-0000332,ORD-00004525,PROMO-0014,8.8
RED-0000333,ORD-00000930,PROMO-0015,71.14
RED-0000334,ORD-00001262,PROMO-0016,70.08
RED-0000335,ORD-00002391,PROMO-0017,53.5
RED-0000336,ORD-00003404,PROMO-0027,37.22
RED-0000337,ORD-00003869,PROMO-0008,35.35
RED-0000338,ORD-00001185,PROMO-0013,15.91
RED-0000339,ORD-00004911,PROMO-0017,56.48
RED-0000340,ORD-00001119,PROMO-0028,7.1
RED-0000341,ORD-00003400,PROMO-0011,70.2
RED-0000342,ORD-00004160,PROMO-0009,61.9
RED-0000343,ORD-00002318,PROMO-0024,23.79
RED-0000344,ORD-00004809,PROMO-0019,74.92
RED-0000345,ORD-00004012,PROMO-0028,12.85
RED-0000346,ORD-00004413,PROMO-0016,27.19
RED-0000347,ORD-00004522,PROMO-0025,41.67
RED-0000348,ORD-00003731,PROMO-0030,25.49
RED-0000349,ORD-00001546,PROMO-0023,19.43
RED-0000350,ORD-00003138,PROMO-0008,64.49
RED-0000351,ORD-00003366,PROMO-0002,25.23
RED-0000352,ORD-00003875,PROMO-0023,68.68
RED-0000353,ORD-00003124,PROMO-0013,74.15
RED-0000354,ORD-00001247,PROMO-0016,72.43
RED-0000355,ORD-00001035,PROMO-0017,72.47
RED-0000356,ORD-00002720,PROMO-0028,9.33
RED-0000357,ORD-00003607,PROMO-0004,40.39
RED-0000358,ORD-00003744,PROMO-0001,54.74
RED-0000359,ORD-00003359,PROMO-0028,49.8
RED-0000360,ORD-00001265,PROMO-0003,36.27
RED-0000361,ORD-00002172,PROMO-0011,47.5
RED-0000362,ORD-00003257,PROMO-0021,7.86
RED-0000363,ORD-00002692,PROMO-0028,51.23
RED-0000364,ORD-00004372,PROMO-0013,71.65
RED-0000365,ORD-00003998,PROMO-0028,41.49
RED-0000366,ORD-00000561,PROMO-0008,48.07
RED-0000367,ORD-00002355,PROMO-0008,56.51
RED-0000368,ORD-00003556,PROMO-0004,57.51
RED-0000369,ORD-00000824,PROMO-0015,14.14
RED-0000370,ORD-00002454,PROMO-0029,4.11
RED-0000371,ORD-00002658,PROMO-0026,6.1
RED-0000372,ORD-00002937,PROMO-0012,33.44
RED-0000373,ORD-00002001,PROMO-0017,32.08
RED-0000374,ORD-00001476,PROMO-0006,14.78
RED-0000375,ORD-00004993,PROMO-0028,29.93
RED-0000376,ORD-00001973,PROMO-0016,68.64
RED-0000377,ORD-00001173,PROMO-0008,35.66
RED-0000378,ORD-00002081,PROMO-0015,20.64
RED-0000379,ORD-00000077,PROMO-0029,60.74
RED-0000380,ORD-00002357,PROMO-0022,41.9
RED-0000381,ORD-00000606,PROMO-0015,71.0
RED-0000382,ORD-00004814,PROMO-0010,48.64
RED-0000383,ORD-00003476,PROMO-0023,20.26
RED-0000384,ORD-00002475,PROMO-0007,74.95
RED-0000385,ORD-00003959,PROMO-0004,19.32
RED-0000386,ORD-00004686,PROMO-0012,43.96
RED-0000387,ORD-00002419,PROMO-0001,73.39
RED-0000388,ORD-00003243,PROMO-0009,2.59
RED-0000389,ORD-00000402,PROMO-0030,46.27
RED-0000390,ORD-00004070,PROMO-0027,68.0
RED-0000391,ORD-00002345,PROMO-0025,60.32
RED-0000392,ORD-00004974,PROMO-0026,27.72
RED-0000393,ORD-00001558,PROMO-0020,20.3
RED-0000394,ORD-00001121,PROMO-0021,9.09
RED-0000395,ORD-00000323,PROMO-0010,59.57
RED-0000396,ORD-00000274,PROMO-0019,28.63
RED-0000397,ORD-00001077,PROMO-0003,68.4
RED-0000398,ORD-00002677,PROMO-0024,32.33
RED-0000399,ORD-00001645,PROMO-0005,59.42
RED-0000400,ORD-00002998,PROMO-0017,38.63
RED-0000401,ORD-00002233,PROMO-0027,14.01
RED-0000402,ORD-00003948,PROMO-0026,23.55
RED-0000403,ORD-00002775,PROMO-0026,10.41
RED-0000404,ORD-00000617,PROMO-0005,57.05
RED-0000405,ORD-00001849,PROMO-0028,51.37
RED-0000406,ORD-00003256,PROMO-0028,60.73
RED-0000407,ORD-00002997,PROMO-0003,59.72
RED-0000408,ORD-00000115,PROMO-0009,41.17
RED-0000409,ORD-00003726,PROMO-0012,51.12
RED-0000410,ORD-00002148,PROMO-0019,29.81
RED-0000411,ORD-00003044,PROMO-0004,51.26
RED-0000412,ORD-00003863,PROMO-0001,47.23
RED-0000413,ORD-00004600,PROMO-0011,68.81
RED-0000414,ORD-00001814,PROMO-0021,6.61
RED-0000415,ORD-00003804,PROMO-0030,53.18
RED-0000416,ORD-00003345,PROMO-0004,12.2
RED-0000417,ORD-00000305,PROMO-0010,74.7
RED-0000418,ORD-00000952,PROMO-0004,19.14
RED-0000419,ORD-00004404,PROMO-0005,30.37
RED-0000420,ORD-00003040,PROMO-0022,71.3
RED-0000421,ORD-00004426,PROMO-0014,44.88
RED-0000422,ORD-00001266,PROMO-0029,32.29
RED-0000423,ORD-00000812,PROMO-0027,37.72
RED-0000424,ORD-00003344,PROMO-0009,4.39
RED-0000425,ORD-00003036,PROMO-0007,34.37
RED-0000426,ORD-00001935,PROMO-0028,28.48
RED-0000427,ORD-00003010,PROMO-0018,67.82
RED-0000428,ORD-00002939,PROMO-0002,31.06
RED-0000429,ORD-00001555,PROMO-0004,71.28
RED-0000430,ORD-00003726,PROMO-0003,50.38
RED-0000431,ORD-00004892,PROMO-0001,5.69
RED-0000432,ORD-00002733,PROMO-0008,74.18
RED-0000433,ORD-00004626,PROMO-0007,7.01
RED-0000434,ORD-00004541,PROMO-0007,44.81
RED-0000435,ORD-00001909,PROMO-0011,58.53
RED-0000436,ORD-00004883,PROMO-0001,22.24
RED-0000437,ORD-00001186,PROMO-0005,41.44
RED-0000438,ORD-00001430,PROMO-0004,50.26
RED-0000439,ORD-00000212,PROMO-0005,3.08
RED-0000440,ORD-00001950,PROMO-0019,25.64
RED-0000441,ORD-00001428,PROMO-0009,5.83
RED-0000442,ORD-00003449,PROMO-0017,10.3
RED-0000443,ORD-00000521,PROMO-0016,34.72
RED-0000444,ORD-00002966,PROMO-0017,45.34
RED-0000445,ORD-00003703,PROMO-0017,18.17
RED-0000446,ORD-00000356,PROMO-0024,59.18
RED-0000447,ORD-00004272,PROMO-0010,35.44
RED-0000448,ORD-00000256,PROMO-0002,74.9
RED-0000449,ORD-00003291,PROMO-0014,52.09
RED-0000450,ORD-00004017,PROMO-0023,68.41
RED-0000451,ORD-00000603,PROMO-0029,7.9
RED-0000452,ORD-00004984,PROMO-0005,6.79
RED-0000453,ORD-00002253,PROMO-0020,48.21
RED-0000454,ORD-00004493,PROMO-0023,25.74
RED-0000455,ORD-00004894,PROMO-0017,23.53
RED-0000456,ORD-00004142,PROMO-0020,33.4
RED-0000457,ORD-00000938,PROMO-0028,49.79
RED-0000458,ORD-00004517,PROMO-0024,65.18
RED-0000459,ORD-00003524,PROMO-0015,66.83
RED-0000460,ORD-00003390,PROMO-0011,62.4
RED-0000461,ORD-00003267,PROMO-0014,55.26
RED-0000462,ORD-00002561,PROMO-0014,24.81
RED-0000463,ORD-00002089,PROMO-0012,71.61
RED-0000464,ORD-00003886,PROMO-0003,8.66
RED-0000465,ORD-00000700,PROMO-0003,33.53
RED-0000466,ORD-00003053,PROMO-0026,11.5
RED-0000467,ORD-00000492,PROMO-0019,71.83
RED-0000468,ORD-00004602,PROMO-0011,50.91
RED-0000469,ORD-00003366,PROMO-0012,65.77
RED-0000470,ORD-00003465,PROMO-0028,68.86
RED-0000471,ORD-00000422,PROMO-0010,45.83
RED-0000472,ORD-00002881,PROMO-0004,44.19
RED-0000473,ORD-00001743,PROMO-0005,49.94
RED-0000474,ORD-00001838,PROMO-0028,9.9
RED-0000475,ORD-00004557,PROMO-0012,10.39
RED-0000476,ORD-00002283,PROMO-0019,18.51
RED-0000477,ORD-00003516,PROMO-0028,42.95
RED-0000478,ORD-00004561,PROMO-0001,46.46
RED-0000479,ORD-00002191,PROMO-0001,15.17
RED-0000480,ORD-00002532,PROMO-0030,26.81
RED-0000481,ORD-00000051,PROMO-0006,65.5
RED-0000482,ORD-00004640,PROMO-0022,31.26
RED-0000483,ORD-00001163,PROMO-0024,48.22
RED-0000484,ORD-00000252,PROMO-0003,56.47
RED-0000485,ORD-00001763,PROMO-0013,32.65
RED-0000486,ORD-00002793,PROMO-0006,29.01
RED-0000487,ORD-00002658,PROMO-0025,70.72
RED-0000488,ORD-00004885,PROMO-0003,66.48
RED-0000489,ORD-00001275,PROMO-0006,57.07
RED-0000490,ORD-00000408,PROMO-0022,7.96
RED-0000491,ORD-00003630,PROMO-0022,32.95
RED-0000492,ORD-00004974,PROMO-0015,32.24
RED-0000493,ORD-00001766,PROMO-0025,39.4
RED-0000494,ORD-00002828,PROMO-0014,10.09
RED-0000495,ORD-00004859,PROMO-0016,40.47
RED-0000496,ORD-00002527,PROMO-0002,18.1
RED-0000497,ORD-00004910,PROMO-0002,2.56
RED-0000498,ORD-00002470,PROMO-0007,58.02
RED-0000499,ORD-00002094,PROMO-0010,25.95
RED-0000500,ORD-00000064,PROMO-0016,56.53
RED-0000501,ORD-00001440,PROMO-0005,29.76
RED-0000502,ORD-00001886,PROMO-0017,42.79
RED-0000503,ORD-00002902,PROMO-0003,30.99
RED-0000504,ORD-00000347,PROMO-0014,3.37
RED-0000505,ORD-00000638,PROMO-0028,24.85
RED-0000506,ORD-00003517,PROMO-0019,31.52
RED-0000507,ORD-00003422,PROMO-0010,10.41
RED-0000508,ORD-00000171,PROMO-0011,14.55
RED-0000509,ORD-00003770,PROMO-0027,52.34
RED-0000510,ORD-00002965,PROMO-0003,33.88
RED-0000511,ORD-00000868,PROMO-0008,33.8
RED-0000512,ORD-00003281,PROMO-0017,7.74
RED-0000513,ORD-00002542,PROMO-0024,26.78
RED-0000514,ORD-00002729,PROMO-0025,14.27
RED-0000515,ORD-00004182,PROMO-0021,10.32
RED-0000516,ORD-00004178,PROMO-0007,68.13
RED-0000517,ORD-00002863,PROMO-0012,55.1
RED-0000518,ORD-00001210,PROMO-0008,9.5
RED-0000519,ORD-00002097,PROMO-0007,14.67
RED-0000520,ORD-00001253,PROMO-0025,57.42
RED-0000521,ORD-00000618,PROMO-0006,71.44
RED-0000522,ORD-00004048,PROMO-0015,57.07
RED-0000523,ORD-00004748,PROMO-0015,51.72
RED-0000524,ORD-00004625,PROMO-0021,48.38
RED-0000525,ORD-00002648,PROMO-0028,72.88
RED-0000526,ORD-00002590,PROMO-0005,34.1
RED-0000527,ORD-00003842,PROMO-0015,48.09
RED-0000528,ORD-00002251,PROMO-0019,6.1
RED-0000529,ORD-00004157,PROMO-0003,24.66
RED-0000530,ORD-00003703,PROMO-0002,6.15
RED-0000531,ORD-00002352,PROMO-0003,49.06
RED-0000532,ORD-00000740,PROMO-0020,45.37
RED-0000533,ORD-00003150,PROMO-0015,44.36
RED-0000534,ORD-00000337,PROMO-0015,68.36
RED-0000535,ORD-00004684,PROMO-0021,15.74
RED-0000536,ORD-00004957,PROMO-0016,38.6
RED-0000537,ORD-00000507,PROMO-0015,9.56
RED-0000538,ORD-00002814,PROMO-0023,8.16
RED-0000539,ORD-00001414,PROMO-0002,20.09
RED-0000540,ORD-00003587,PROMO-0015,40.26
RED-0000541,ORD-00004996,PROMO-0006,28.56
RED-0000542,ORD-00002318,PROMO-0013,31.84
RED-0000543,ORD-00002772,PROMO-0022,45.65
RED-0000544,ORD-00002742,PROMO-0003,26.07
RED-0000545,ORD-00004571,PROMO-0022,30.22
RED-0000546,ORD-00002065,PROMO-0024,64.16
RED-0000547,ORD-00004938,PROMO-0028,12.98
RED-0000548,ORD-00000668,PROMO-0019,50.44
RED-0000549,ORD-00002866,PROMO-0010,72.64
RED-0000550,ORD-00003211,PROMO-0005,45.44
RED-0000551,ORD-00000695,PROMO-0010,42.8
RED-0000552,ORD-00002691,PROMO-0027,11.33
RED-0000553,ORD-00004313,PROMO-0003,49.16
RED-0000554,ORD-00003469,PROMO-0017,28.41
RED-0000555,ORD-00002971,PROMO-0010,15.16
RED-0000556,ORD-00001755,PROMO-0011,71.18
RED-0000557,ORD-00003984,PROMO-0007,18.54
RED-0000558,ORD-00001127,PROMO-0005,7.63
RED-0000559,ORD-00000829,PROMO-0017,58.27
RED-0000560,ORD-00004314,PROMO-0002,50.32
RED-0000561,ORD-00001074,PROMO-0020,29.5
RED-0000562,ORD-00001330,PROMO-0006,62.69
RED-0000563,ORD-00001357,PROMO-0024,33.95
RED-0000564,ORD-00003366,PROMO-0012,51.37
RED-0000565,ORD-00001946,PROMO-0015,46.57
RED-0000566,ORD-00003678,PROMO-0008,40.98
RED-0000567,ORD-00002536,PROMO-0026,59.26
RED-0000568,ORD-00001590,PROMO-0012,51.52
RED-0000569,ORD-00004673,PROMO-0015,35.7
RED-0000570,ORD-00002309,PROMO-0025,29.88
RED-0000571,ORD-00004321,PROMO-0014,72.54
RED-0000572,ORD-00001636,PROMO-0026,46.14
RED-0000573,ORD-00002049,PROMO-0002,48.81
RED-0000574,ORD-00003041,PROMO-0018,70.2
RED-0000575,ORD-00004227,PROMO-0028,11.1
RED-0000576,ORD-00000688,PROMO-0025,13.7
RED-0000577,ORD-00003681,PROMO-0029,39.47
RED-0000578,ORD-00003584,PROMO-0003,71.09
RED-0000579,ORD-00001819,PROMO-0027,34.93
RED-0000580,ORD-00002864,PROMO-0030,3.95
RED-0000581,ORD-00000437,PROMO-0013,38.65
RED-0000582,ORD-00001932,PROMO-0013,74.6
RED-0000583,ORD-00003072,PROMO-0008,4.06
RED-0000584,ORD-00000812,PROMO-0027,54.17
RED-0000585,ORD-00002747,PROMO-0026,12.66
RED-0000586,ORD-00000314,PROMO-0010,68.97
RED-0000587,ORD-00003871,PROMO-0023,62.67
RED-0000588,ORD-00003843,PROMO-0015,46.92
RED-0000589,ORD-00000650,PROMO-0001,20.68
RED-0000590,ORD-00001225,PROMO-0018,70.64
RED-0000591,ORD-00004988,PROMO-0017,32.9
RED-0000592,ORD-00002361,PROMO-0008,23.98
RED-0000593,ORD-00000392,PROMO-0008,32.65
RED-0000594,ORD-00003745,PROMO-0003,10.09
RED-0000595,ORD-00004095,PROMO-0020,41.13
RED-0000596,ORD-00004222,PROMO-0019,19.66
RED-0000597,ORD-00001177,PROMO-0010,33.33
RED-0000598,ORD-00002891,PROMO-0008,43.66
RED-0000599,ORD-00001535,PROMO-0022,50.78
RED-0000600,ORD-00004289,PROMO-0012,6.94
RED-0000601,ORD-00004310,PROMO-0018,39.03
RED-0000602,ORD-00004159,PROMO-0018,3.48
RED-0000603,ORD-00003852,PROMO-0002,48.4
RED-0000604,ORD-00003059,PROMO-0009,56.55
RED-0000605,ORD-00002926,PROMO-0026,6.93
RED-0000606,ORD-00001976,PROMO-0024,49.97
RED-0000607,ORD-00000850,PROMO-0025,44.48
RED-0000608,ORD-00002724,PROMO-0005,5.24
RED-0000609,ORD-00004473,PROMO-0011,61.39
RED-0000610,ORD-00001435,PROMO-0027,58.88
RED-0000611,ORD-00003807,PROMO-0023,36.93
RED-0000612,ORD-00001494,PROMO-0026,11.84
RED-0000613,ORD-00003750,PROMO-0002,23.42
RED-0000614,ORD-00000359,PROMO-0026,16.56
RED-0000615,ORD-00000344,PROMO-0011,70.14
RED-0000616,ORD-00004223,PROMO-0013,74.21
RED-0000617,ORD-00004449,PROMO-0016,20.49
RED-0000618,ORD-00001566,PROMO-0010,28.06
RED-0000619,ORD-00000392,PROMO-0028,49.87
RED-0000620,ORD-00002239,PROMO-0004,60.35
RED-0000621,ORD-00003580,PROMO-0029,31.2
RED-0000622,ORD-00003603,PROMO-0029,71.82
RED-0000623,ORD-00002778,PROMO-0006,38.22
RED-0000624,ORD-00004076,PROMO-0012,69.47
RED-0000625,ORD-00004254,PROMO-0009,60.48
RED-0000626,ORD-00003478,PROMO-0003,33.43
RED-0000627,ORD-00001479,PROMO-0018,23.44
RED-0000628,ORD-00000841,PROMO-0003,25.94
RED-0000629,ORD-00002422,PROMO-0010,34.55
RED-0000630,ORD-00003491,PROMO-0006,52.35
RED-0000631,ORD-00002880,PROMO-0015,5.09
RED-0000632,ORD-00002889,PROMO-0020,74.86
RED-0000633,ORD-00002250,PROMO-0021,73.54
RED-0000634,ORD-00000470,PROMO-0003,51.0
RED-0000635,ORD-00003328,PROMO-0012,39.46
RED-0000636,ORD-00001311,PROMO-0001,12.42
RED-0000637,ORD-00004978,PROMO-0022,59.04
RED-0000638,ORD-00000286,PROMO-0005,6.91
RED-0000639,ORD-00003001,PROMO-0012,29.95
RED-0000640,ORD-00004647,PROMO-0002,46.17
RED-0000641,ORD-00003686,PROMO-0012,29.16
RED-0000642,ORD-00000630,PROMO-0019,12.05
RED-0000643,ORD-00003007,PROMO-0013,24.95
RED-0000644,ORD-00002284,PROMO-0008,72.12
RED-0000645,ORD-00000213,PROMO-0024,15.58
RED-0000646,ORD-00004242,PROMO-0013,68.69
RED-0000647,ORD-00000965,PROMO-0009,58.57
RED-0000648,ORD-00003656,PROMO-0007,74.73
RED-0000649,ORD-00002340,PROMO-0023,68.9
RED-0000650,ORD-00004024,PROMO-0007,10.95
RED-0000651,ORD-00000607,PROMO-0015,14.6
RED-0000652,ORD-00003647,PROMO-0003,61.17
RED-0000653,ORD-00002619,PROMO-0022,27.36
RED-0000654,ORD-00000532,PROMO-0018,41.58
RED-0000655,ORD-00002458,PROMO-0028,13.5
RED-0000656,ORD-00001427,PROMO-0026,28.39
RED-0000657,ORD-00001837,PROMO-0004,73.91
RED-0000658,ORD-00001138,PROMO-0008,59.7
RED-0000659,ORD-00000216,PROMO-0012,42.44
RED-0000660,ORD-00003023,PROMO-0015,60.67
RED-0000661,ORD-00004520,PROMO-0005,46.67
RED-0000662,ORD-00000707,PROMO-0003,24.58
RED-0000663,ORD-00003922,PROMO-0017,31.99
RED-0000664,ORD-00003355,PROMO-0027,43.97
RED-0000665,ORD-00001027,PROMO-0011,48.89
RED-0000666,ORD-00003687,PROMO-0015,51.65
RED-0000667,ORD-00002823,PROMO-0005,66.09
RED-0000668,ORD-00004517,PROMO-0021,44.91
RED-0000669,ORD-00001058,PROMO-0014,38.71
RED-0000670,ORD-00000454,PROMO-0027,11.06
RED-0000671,ORD-00001254,PROMO-0010,14.02
RED-0000672,ORD-00002644,PROMO-0030,53.78
RED-0000673,ORD-00002835,PROMO-0017,67.33
RED-0000674,ORD-00000647,PROMO-0009,16.33
RED-0000675,ORD-00004513,PROMO-0009,11.14
RED-0000676,ORD-00002481,PROMO-0020,40.94
RED-0000677,ORD-00004118,PROMO-0021,14.31
RED-0000678,ORD-00004757,PROMO-0005,14.5
RED-0000679,ORD-00004958,PROMO-0011,63.5
RED-0000680,ORD-00004618,PROMO-0002,62.24
RED-0000681,ORD-00000233,PROMO-0003,5.32
RED-0000682,ORD-00004725,PROMO-0009,49.53
RED-0000683,ORD-00004687,PROMO-0014,47.12
RED-0000684,ORD-00000249,PROMO-0016,66.9
RED-0000685,ORD-00004470,PROMO-0010,48.86
RED-0000686,ORD-00002475,PROMO-0016,19.88
RED-0000687,ORD-00003327,PROMO-0010,35.11
RED-0000688,ORD-00000491,PROMO-0006,34.09
RED-0000689,ORD-00003967,PROMO-0015,16.89
RED-0000690,ORD-00004970,PROMO-0005,24.82
RED-0000691,ORD-00002616,PROMO-0024,74.13
RED-0000692,ORD-00002830,PROMO-0013,11.55
RED-0000693,ORD-00003036,PROMO-0017,43.0
RED-0000694,ORD-00002615,PROMO-0008,36.05
RED-0000695,ORD-00002192,PROMO-0015,20.1
RED-0000696,ORD-00000794,PROMO-0002,23.19
RED-0000697,ORD-00003147,PROMO-0028,46.92
RED-0000698,ORD-00002034,PROMO-0028,67.87
RED-0000699,ORD-00002683,PROMO-0030,44.17
RED-0000700,ORD-00002562,PROMO-0007,57.71
RED-0000701,ORD-00004082,PROMO-0017,36.08
RED-0000702,ORD-00002528,PROMO-0016,3.69
RED-0000703,ORD-00003222,PROMO-0017,35.38
RED-0000704,ORD-00001973,PROMO-0007,44.58
RED-0000705,ORD-00000399,PROMO-0002,22.54
RED-0000706,ORD-00004895,PROMO-0029,63.53
RED-0000707,ORD-00003856,PROMO-0010,41.18
RED-0000708,ORD-00000881,PROMO-0014,11.78
RED-0000709,ORD-00002167,PROMO-0024,28.7
RED-0000710,ORD-00003304,PROMO-0012,5.3
RED-0000711,ORD-00000420,PROMO-0019,43.01
RED-0000712,ORD-00002970,PROMO-0018,23.07
RED-0000713,ORD-00003165,PROMO-0017,34.88
RED-0000714,ORD-00004505,PROMO-0009,62.25
RED-0000715,ORD-00000974,PROMO-0005,73.18
RED-0000716,ORD-00003227,PROMO-0012,60.03
RED-0000717,ORD-00002778,PROMO-0018,70.54
RED-0000718,ORD-00001182,PROMO-0007,45.98
RED-0000719,ORD-00003289,PROMO-0017,4.94
RED-0000720,ORD-00000319,PROMO-0005,54.09
RED-0000721,ORD-00003881,PROMO-0017,35.36
RED-0000722,ORD-00004967,PROMO-0029,39.63
RED-0000723,ORD-00002687,PROMO-0030,46.75
RED-0000724,ORD-00001332,PROMO-0013,74.31
RED-0000725,ORD-00002452,PROMO-0019,26.56
RED-0000726,ORD-00004176,PROMO-0018,37.76
RED-0000727,ORD-00004612,PROMO-0010,36.67
RED-0000728,ORD-00000137,PROMO-0012,26.18
RED-0000729,ORD-00000898,PROMO-0014,44.61
RED-0000730,ORD-00000219,PROMO-0020,36.65
RED-0000731,ORD-00004739,PROMO-0019,18.61
RED-0000732,ORD-00000421,PROMO-0019,37.07
RED-0000733,ORD-00004295,PROMO-0021,54.65
RED-0000734,ORD-00003115,PROMO-0005,61.98
RED-0000735,ORD-00001985,PROMO-0002,43.8
RED-0000736,ORD-00000901,PROMO-0007,3.38
RED-0000737,ORD-00002570,PROMO-0014,13.05
RED-0000738,ORD-00001671,PROMO-0014,38.63
RED-0000739,ORD-00003864,PROMO-0028,63.93
RED-0000740,ORD-00000511,PROMO-0023,12.08
RED-0000741,ORD-00001699,PROMO-0018,25.73
RED-0000742,ORD-00003919,PROMO-0017,29.51
RED-0000743,ORD-00001419,PROMO-0015,68.59
RED-0000744,ORD-00002805,PROMO-0018,27.86
RED-0000745,ORD-00002166,PROMO-0020,37.35
RED-0000746,ORD-00002020,PROMO-0009,42.74
RED-0000747,ORD-00001843,PROMO-0010,58.3
RED-0000748,ORD-00001699,PROMO-0023,53.46
RED-0000749,ORD-00002598,PROMO-0016,27.46
RED-0000750,ORD-00002241,PROMO-0010,10.9
RED-0000751,ORD-00004450,PROMO-0013,67.39
RED-0000752,ORD-00003233,PROMO-0027,27.19
RED-0000753,ORD-00001200,PROMO-0010,5.07
RED-0000754,ORD-00000648,PROMO-0012,69.45
RED-0000755,ORD-00002101,PROMO-0024,36.97
RED-0000756,ORD-00001656,PROMO-0027,41.32
RED-0000757,ORD-00004605,PROMO-0023,21.83
RED-0000758,ORD-00000895,PROMO-0020,56.09
RED-0000759,ORD-00001961,PROMO-0008,5.71
RED-0000760,ORD-00004351,PROMO-0008,48.57
RED-0000761,ORD-00000431,PROMO-0004,32.17
RED-0000762,ORD-00003870,PROMO-0004,51.73
RED-0000763,ORD-00001127,PROMO-0001,72.41
RED-0000764,ORD-00001294,PROMO-0014,49.66
RED-0000765,ORD-00003897,PROMO-0016,49.49
RED-0000766,ORD-00002354,PROMO-0011,22.84
RED-0000767,ORD-00000485,PROMO-0030,58.12
RED-0000768,ORD-00004704,PROMO-0008,41.07
RED-0000769,ORD-00000306,PROMO-0030,69.27
RED-0000770,ORD-00003424,PROMO-0029,63.15
RED-0000771,ORD-00000298,PROMO-0027,30.98
RED-0000772,ORD-00004059,PROMO-0006,70.37
RED-0000773,ORD-00002372,PROMO-0029,4.74
RED-0000774,ORD-00002445,PROMO-0019,46.0
RED-0000775,ORD-00002745,PROMO-0010,35.17
RED-0000776,ORD-00004451,PROMO-0017,38.06
RED-0000777,ORD-00001100,PROMO-0028,38.81
RED-0000778,ORD-00002236,PROMO-0007,61.04
RED-0000779,ORD-00002709,PROMO-0006,55.37
RED-0000780,ORD-00002108,PROMO-0023,15.59
RED-0000781,ORD-00002762,PROMO-0026,23.54
RED-0000782,ORD-00001583,PROMO-0006,46.6
RED-0000783,ORD-00003322,PROMO-0027,33.22
RED-0000784,ORD-00002687,PROMO-0003,31.26
RED-0000785,ORD-00000782,PROMO-0006,73.66
RED-0000786,ORD-00003912,PROMO-0011,70.32
RED-0000787,ORD-00000056,PROMO-0009,30.0
RED-0000788,ORD-00003660,PROMO-0025,21.49
RED-0000789,ORD-00002701,PROMO-0010,44.52
RED-0000790,ORD-00004694,PROMO-0001,21.09
RED-0000791,ORD-00002946,PROMO-0023,19.25
RED-0000792,ORD-00000969,PROMO-0015,24.4
RED-0000793,ORD-00003322,PROMO-0022,38.68
RED-0000794,ORD-00002548,PROMO-0023,10.57
RED-0000795,ORD-00002417,PROMO-0012,46.87
RED-0000796,ORD-00001796,PROMO-0005,36.91
RED-0000797,ORD-00003728,PROMO-0024,74.19
RED-0000798,ORD-00003061,PROMO-0014,53.24
RED-0000799,ORD-00003858,PROMO-0025,41.24
RED-0000800,ORD-00001790,PROMO-0025,20.06
RED-0000801,ORD-00004881,PROMO-0028,59.48
RED-0000802,ORD-00004305,PROMO-0015,40.56
RED-0000803,ORD-00002964,PROMO-0003,68.96
RED-0000804,ORD-00000920,PROMO-0002,62.5
RED-0000805,ORD-00004141,PROMO-0007,43.81
RED-0000806,ORD-00001228,PROMO-0006,25.95
RED-0000807,ORD-00004263,PROMO-0015,10.49
RED-0000808,ORD-00001683,PROMO-0023,44.57
RED-0000809,ORD-00000745,PROMO-0029,39.26
RED-0000810,ORD-00000456,PROMO-0015,11.63
RED-0000811,ORD-00003404,PROMO-0015,43.17
RED-0000812,ORD-00004578,PROMO-0015,51.11
RED-0000813,ORD-00002525,PROMO-0024,3.59
RED-0000814,ORD-00002085,PROMO-0027,2.22
RED-0000815,ORD-00001786,PROMO-0019,7.33
RED-0000816,ORD-00003471,PROMO-0012,53.13
RED-0000817,ORD-00004434,PROMO-0002,70.22
RED-0000818,ORD-00000566,PROMO-0030,36.46
RED-0000819,ORD-00002352,PROMO-0014,15.14
RED-0000820,ORD-00001110,PROMO-0025,48.83
RED-0000821,ORD-00003444,PROMO-0012,74.48
RED-0000822,ORD-00003134,PROMO-0015,65.48
RED-0000823,ORD-00003093,PROMO-0013,7.86
RED-0000824,ORD-00004418,PROMO-0005,49.71
RED-0000825,ORD-00002849,PROMO-0004,15.03
RED-0000826,ORD-00004402,PROMO-0013,40.61
RED-0000827,ORD-00001825,PROMO-0027,2.25
RED-0000828,ORD-00000187,PROMO-0010,35.8
RED-0000829,ORD-00004461,PROMO-0014,40.83
RED-0000830,ORD-00001882,PROMO-0008,35.63
RED-0000831,ORD-00001271,PROMO-0009,15.76
RED-0000832,ORD-00000925,PROMO-0002,61.09
RED-0000833,ORD-00003435,PROMO-0020,57.92
RED-0000834,ORD-00000129,PROMO-0008,17.04
RED-0000835,ORD-00000827,PROMO-0020,4.45
RED-0000836,ORD-00004898,PROMO-0022,53.34
RED-0000837,ORD-00000399,PROMO-0008,56.06
RED-0000838,ORD-00003296,PROMO-0015,19.11
RED-0000839,ORD-00001780,PROMO-0025,65.05
RED-0000840,ORD-00000463,PROMO-0005,38.78
RED-0000841,ORD-00002370,PROMO-0008,61.55
RED-0000842,ORD-00004720,PROMO-0011,44.16
RED-0000843,ORD-00002627,PROMO-0008,24.03
RED-0000844,ORD-00001174,PROMO-0022,40.05
RED-0000845,ORD-00003388,PROMO-0010,22.09
RED-0000846,ORD-00004561,PROMO-0019,66.22
RED-0000847,ORD-00001435,PROMO-0021,51.55
RED-0000848,ORD-00004554,PROMO-0016,5.42
RED-0000849,ORD-00002822,PROMO-0021,51.01
RED-0000850,ORD-00004297,PROMO-0011,52.83
RED-0000851,ORD-00003345,PROMO-0005,23.89
RED-0000852,ORD-00001507,PROMO-0025,41.27
RED-0000853,ORD-00001975,PROMO-0028,18.45
RED-0000854,ORD-00001183,PROMO-0026,35.8
RED-0000855,ORD-00000473,PROMO-0018,32.13
RED-0000856,ORD-00003413,PROMO-0018,40.69
RED-0000857,ORD-00003182,PROMO-0008,20.61
RED-0000858,ORD-00002706,PROMO-0021,7.77
RED-0000859,ORD-00003685,PROMO-0028,29.09
RED-0000860,ORD-00004388,PROMO-0024,62.55
RED-0000861,ORD-00000423,PROMO-0009,29.53
RED-0000862,ORD-00004956,PROMO-0020,4.89
RED-0000863,ORD-00000597,PROMO-0007,60.74
RED-0000864,ORD-00004814,PROMO-0024,51.02
RED-0000865,ORD-00001778,PROMO-0016,17.25
RED-0000866,ORD-00002728,PROMO-0010,71.86
RED-0000867,ORD-00000126,PROMO-0007,70.41
RED-0000868,ORD-00000962,PROMO-0024,74.97
RED-0000869,ORD-00003924,PROMO-0030,19.71
RED-0000870,ORD-00004952,PROMO-0023,16.93
RED-0000871,ORD-00001961,PROMO-0018,25.48
RED-0000872,ORD-00002319,PROMO-0013,36.04
RED-0000873,ORD-00002944,PROMO-0010,21.09
RED-0000874,ORD-00004201,PROMO-0029,38.3
RED-0000875,ORD-00000808,PROMO-0026,73.64
RED-0000876,ORD-00003847,PROMO-0025,63.3
RED-0000877,ORD-00001665,PROMO-0012,24.84
RED-0000878,ORD-00000375,PROMO-0019,65.08
RED-0000879,ORD-00001196,PROMO-0001,21.04
RED-0000880,ORD-00004785,PROMO-0019,54.56
RED-0000881,ORD-00002419,PROMO-0005,16.32
RED-0000882,ORD-00001885,PROMO-0013,43.59
RED-0000883,ORD-00002014,PROMO-0016,42.2
RED-0000884,ORD-00002766,PROMO-0009,57.73
RED-0000885,ORD-00004003,PROMO-0024,48.84
RED-0000886,ORD-00004019,PROMO-0015,14.28
RED-0000887,ORD-00002886,PROMO-0006,12.22
RED-0000888,ORD-00004478,PROMO-0016,15.44
RED-0000889,ORD-00004442,PROMO-0021,71.88
RED-0000890,ORD-00004293,PROMO-0002,63.25
RED-0000891,ORD-00000609,PROMO-0027,50.78
RED-0000892,ORD-00000053,PROMO-0014,12.04
RED-0000893,ORD-00001896,PROMO-0003,53.62
RED-0000894,ORD-00000075,PROMO-0007,38.92
RED-0000895,ORD-00003058,PROMO-0002,47.1
RED-0000896,ORD-00003959,PROMO-0022,37.61
RED-0000897,ORD-00000055,PROMO-0018,42.27
RED-0000898,ORD-00000098,PROMO-0001,40.65
RED-0000899,ORD-00002251,PROMO-0018,73.36
RED-0000900,ORD-00000141,PROMO-0017,61.36
RED-0000901,ORD-00003528,PROMO-0026,70.6
RED-0000902,ORD-00001469,PROMO-0004,69.02
RED-0000903,ORD-00004296,PROMO-0005,19.59
RED-0000904,ORD-00004313,PROMO-0009,61.51
RED-0000905,ORD-00002190,PROMO-0026,30.97
RED-0000906,ORD-00003057,PROMO-0013,35.51
RED-0000907,ORD-00001993,PROMO-0023,18.49
RED-0000908,ORD-00000661,PROMO-0021,74.39
RED-0000909,ORD-00000260,PROMO-0003,31.59
RED-0000910,ORD-00003090,PROMO-0018,36.75
RED-0000911,ORD-00000078,PROMO-0023,14.51
RED-0000912,ORD-00004095,PROMO-0028,33.68
RED-0000913,ORD-00002714,PROMO-0019,73.35
RED-0000914,ORD-00000782,PROMO-0029,40.56
RED-0000915,ORD-00000349,PROMO-0008,17.43
RED-0000916,ORD-00004644,PROMO-0016,21.79
RED-0000917,ORD-00000610,PROMO-0022,69.57
RED-0000918,ORD-00004449,PROMO-0019,50.04
RED-0000919,ORD-00001470,PROMO-0030,64.08
RED-0000920,ORD-00000129,PROMO-0007,44.85
RED-0000921,ORD-00003263,PROMO-0030,7.62
RED-0000922,ORD-00001331,PROMO-0019,19.55
RED-0000923,ORD-00003188,PROMO-0022,67.45
RED-0000924,ORD-00002718,PROMO-0013,57.16
RED-0000925,ORD-00001147,PROMO-0026,74.16
RED-0000926,ORD-00000643,PROMO-0017,56.42
RED-0000927,ORD-00002834,PROMO-0002,9.13
RED-0000928,ORD-00001902,PROMO-0027,7.55
RED-0000929,ORD-00004958,PROMO-0025,46.81
RED-0000930,ORD-00004880,PROMO-0013,72.73
RED-0000931,ORD-00002674,PROMO-0001,48.29
RED-0000932,ORD-00003691,PROMO-0016,18.65
RED-0000933,ORD-00004531,PROMO-0013,33.52
RED-0000934,ORD-00004800,PROMO-0022,29.75
RED-0000935,ORD-00002420,PROMO-0026,19.99
RED-0000936,ORD-00000603,PROMO-0003,21.56
RED-0000937,ORD-00003113,PROMO-0023,59.22
RED-0000938,ORD-00001264,PROMO-0024,30.44
RED-0000939,ORD-00002955,PROMO-0004,8.68
RED-0000940,ORD-00002526,PROMO-0015,28.27
RED-0000941,ORD-00002210,PROMO-0004,11.67
RED-0000942,ORD-00001536,PROMO-0014,34.77
RED-0000943,ORD-00004545,PROMO-0017,31.79
RED-0000944,ORD-00000216,PROMO-0003,27.84
RED-0000945,ORD-00000763,PROMO-0020,45.66
RED-0000946,ORD-00002658,PROMO-0028,30.12
RED-0000947,ORD-00002391,PROMO-0014,30.31
RED-0000948,ORD-00000694,PROMO-0024,67.78
RED-0000949,ORD-00001989,PROMO-0019,40.04
RED-0000950,ORD-00003119,PROMO-0006,12.14
RED-0000951,ORD-00002467,PROMO-0009,38.0
RED-0000952,ORD-00000519,PROMO-0006,33.73
RED-0000953,ORD-00003450,PROMO-0010,37.35
RED-0000954,ORD-00000631,PROMO-0012,20.37
RED-0000955,ORD-00002021,PROMO-0024,47.63
RED-0000956,ORD-00004865,PROMO-0020,16.28
RED-0000957,ORD-00000877,PROMO-0005,24.24
RED-0000958,ORD-00003242,PROMO-0011,63.44
RED-0000959,ORD-00003113,PROMO-0026,64.94
RED-0000960,ORD-00003607,PROMO-0011,33.43
RED-0000961,ORD-00004870,PROMO-0005,23.93
RED-0000962,ORD-00004942,PROMO-0023,16.66
RED-0000963,ORD-00002574,PROMO-0006,72.41
RED-0000964,ORD-00002615,PROMO-0010,55.65
RED-0000965,ORD-00004023,PROMO-0019,59.08
RED-0000966,ORD-00002670,PROMO-0013,22.46
RED-0000967,ORD-00003219,PROMO-0012,10.31
RED-0000968,ORD-00004620,PROMO-0007,45.23
RED-0000969,ORD-00004470,PROMO-0006,51.77
RED-0000970,ORD-00004507,PROMO-0001,71.57
RED-0000971,ORD-00003782,PROMO-0023,17.3
RED-0000972,ORD-00002387,PROMO-0027,52.58
RED-0000973,ORD-00003352,PROMO-0022,38.45
RED-0000974,ORD-00002481,PROMO-0008,20.45
RED-0000975,ORD-00001263,PROMO-0023,32.89
RED-0000976,ORD-00003089,PROMO-0003,34.78
RED-0000977,ORD-00004899,PROMO-0016,44.5
RED-0000978,ORD-00004378,PROMO-0017,69.42
RED-0000979,ORD-00003427,PROMO-0018,4.68
RED-0000980,ORD-00002946,PROMO-0023,67.37
RED-0000981,ORD-00004399,PROMO-0020,48.59
RED-0000982,ORD-00000697,PROMO-0004,58.13
RED-0000983,ORD-00002909,PROMO-0006,49.23
RED-0000984,ORD-00000363,PROMO-0019,73.8
RED-0000985,ORD-00003274,PROMO-0025,26.21
RED-0000986,ORD-00003527,PROMO-0004,2.77
RED-0000987,ORD-00002120,PROMO-0008,39.28
RED-0000988,ORD-00004250,PROMO-0018,44.38
RED-0000989,ORD-00004713,PROMO-0008,34.54
RED-0000990,ORD-00003205,PROMO-0015,58.38
RED-0000991,ORD-00004822,PROMO-0023,38.53
RED-0000992,ORD-00002826,PROMO-0001,37.24
RED-0000993,ORD-00002421,PROMO-0014,69.2
RED-0000994,ORD-00000704,PROMO-0004,62.69
RED-0000995,ORD-00001161,PROMO-0012,24.77
RED-0000996,ORD-00003731,PROMO-0026,17.1
RED-0000997,ORD-00003957,PROMO-0012,36.76
RED-0000998,ORD-00003590,PROMO-0024,52.86
RED-0000999,ORD-00002613,PROMO-0003,23.92
RED-0001000,ORD-00000943,PROMO-0001,63.99
RED-0001001,ORD-00000896,PROMO-0022,60.4
RED-0001002,ORD-00001999,PROMO-0017,14.74
RED-0001003,ORD-00001312,PROMO-0011,42.87
RED-0001004,ORD-00003786,PROMO-0008,60.24
RED-0001005,ORD-00001512,PROMO-0006,48.75
RED-0001006,ORD-00003541,PROMO-0013,4.13
RED-0001007,ORD-00001617,PROMO-0015,45.23
RED-0001008,ORD-00003186,PROMO-0001,53.45
RED-0001009,ORD-00001686,PROMO-0009,56.92
RED-0001010,ORD-00000513,PROMO-0019,9.43
RED-0001011,ORD-00004399,PROMO-0006,28.7
RED-0001012,ORD-00001615,PROMO-0015,10.32
RED-0001013,ORD-00004010,PROMO-0017,72.51
RED-0001014,ORD-00002568,PROMO-0020,30.37
RED-0001015,ORD-00003216,PROMO-0019,10.34
RED-0001016,ORD-00002884,PROMO-0028,35.42
RED-0001017,ORD-00001414,PROMO-0027,51.17
RED-0001018,ORD-00002437,PROMO-0030,46.86
RED-0001019,ORD-00000695,PROMO-0022,11.78
RED-0001020,ORD-00000966,PROMO-0008,24.29
RED-0001021,ORD-00001500,PROMO-0012,52.62
RED-0001022,ORD-00004185,PROMO-0013,32.53
RED-0001023,ORD-00001130,PROMO-0019,30.01
RED-0001024,ORD-00001522,PROMO-0016,48.39
RED-0001025,ORD-00001420,PROMO-0018,14.18
RED-0001026,ORD-00002367,PROMO-0005,15.66
RED-0001027,ORD-00003695,PROMO-0020,5.91
RED-0001028,ORD-00002942,PROMO-0001,37.38
RED-0001029,ORD-00001599,PROMO-0027,30.03
RED-0001030,ORD-00004601,PROMO-0017,49.67
RED-0001031,ORD-00003352,PROMO-0022,37.9
RED-0001032,ORD-00003637,PROMO-0016,14.21
RED-0001033,ORD-00004632,PROMO-0001,60.1
RED-0001034,ORD-00001807,PROMO-0010,4.39
RED-0001035,ORD-00001842,PROMO-0018,23.07
RED-0001036,ORD-00003747,PROMO-0019,56.2
RED-0001037,ORD-00004058,PROMO-0018,39.29
RED-0001038,ORD-00004692,PROMO-0004,21.56
RED-0001039,ORD-00004450,PROMO-0027,74.34
RED-0001040,ORD-00004441,PROMO-0027,57.25
RED-0001041,ORD-00003616,PROMO-0018,17.95
RED-0001042,ORD-00003483,PROMO-0004,55.73
RED-0001043,ORD-00002028,PROMO-0010,65.86
RED-0001044,ORD-00000265,PROMO-0015,21.19
RED-0001045,ORD-00000713,PROMO-0015,65.17
RED-0001046,ORD-00000962,PROMO-0025,61.27
RED-0001047,ORD-00001720,PROMO-0026,55.85
RED-0001048,ORD-00002873,PROMO-0028,53.89
RED-0001049,ORD-00003508,PROMO-0006,46.98
RED-0001050,ORD-00001693,PROMO-0027,17.11
RED-0001051,ORD-00000487,PROMO-0019,27.61
RED-0001052,ORD-00002303,PROMO-0020,41.33
RED-0001053,ORD-00002652,PROMO-0023,23.36
RED-0001054,ORD-00004692,PROMO-0009,71.53
RED-0001055,ORD-00004215,PROMO-0029,51.59
RED-0001056,ORD-00000781,PROMO-0005,72.28
RED-0001057,ORD-00003372,PROMO-0030,6.33
RED-0001058,ORD-00002272,PROMO-0028,49.88
RED-0001059,ORD-00001088,PROMO-0008,12.68
RED-0001060,ORD-00002639,PROMO-0027,20.07
RED-0001061,ORD-00003218,PROMO-0016,12.38
RED-0001062,ORD-00002202,PROMO-0021,32.24
RED-0001063,ORD-00003703,PROMO-0003,48.25
RED-0001064,ORD-00000763,PROMO-0013,39.64
RED-0001065,ORD-00002280,PROMO-0023,70.35
RED-0001066,ORD-00003024,PROMO-0015,71.37
RED-0001067,ORD-00002682,PROMO-0019,2.18
RED-0001068,ORD-00000764,PROMO-0024,72.97
RED-0001069,ORD-00002935,PROMO-0028,6.62
RED-0001070,ORD-00004379,PROMO-0013,17.9
RED-0001071,ORD-00003520,PROMO-0027,17.47
RED-0001072,ORD-00002200,PROMO-0011,62.47
RED-0001073,ORD-00002767,PROMO-0018,44.19
RED-0001074,ORD-00004638,PROMO-0028,37.43
RED-0001075,ORD-00002816,PROMO-0029,51.83
RED-0001076,ORD-00000397,PROMO-0002,9.27
RED-0001077,ORD-00003765,PROMO-0001,11.07
RED-0001078,ORD-00001295,PROMO-0015,35.33
RED-0001079,ORD-00003505,PROMO-0007,74.69
RED-0001080,ORD-00001081,PROMO-0029,49.45
RED-0001081,ORD-00001303,PROMO-0028,70.09
RED-0001082,ORD-00002245,PROMO-0003,49.78
RED-0001083,ORD-00002052,PROMO-0003,29.14
RED-0001084,ORD-00001356,PROMO-0002,30.93
RED-0001085,ORD-00002503,PROMO-0024,53.06
RED-0001086,ORD-00001919,PROMO-0014,49.85
RED-0001087,ORD-00000780,PROMO-0001,17.58
RED-0001088,ORD-00000639,PROMO-0005,45.34
RED-0001089,ORD-00004256,PROMO-0022,34.49
RED-0001090,ORD-00000067,PROMO-0023,27.08
RED-0001091,ORD-00000988,PROMO-0028,32.83
RED-0001092,ORD-00001083,PROMO-0016,7.17
RED-0001093,ORD-00003139,PROMO-0003,55.35
RED-0001094,ORD-00000840,PROMO-0004,24.87
RED-0001095,ORD-00002452,PROMO-0005,29.94
RED-0001096,ORD-00001091,PROMO-0021,74.48
RED-0001097,ORD-00001171,PROMO-0003,40.73
RED-0001098,ORD-00000070,PROMO-0020,49.45
RED-0001099,ORD-00003606,PROMO-0012,54.74
RED-0001100,ORD-00001241,PROMO-0030,32.05
RED-0001101,ORD-00003625,PROMO-0028,17.86
RED-0001102,ORD-00000824,PROMO-0005,56.93
RED-0001103,ORD-00004830,PROMO-0024,30.03
RED-0001104,ORD-00003518,PROMO-0011,59.75
RED-0001105,ORD-00002030,PROMO-0009,49.06
RED-0001106,ORD-00002033,PROMO-0018,45.87
RED-0001107,ORD-00004978,PROMO-0010,58.86
RED-0001108,ORD-00000220,PROMO-0028,63.84
RED-0001109,ORD-00002472,PROMO-0007,39.8
RED-0001110,ORD-00004175,PROMO-0007,56.59
RED-0001111,ORD-00002422,PROMO-0021,5.98
RED-0001112,ORD-00001961,PROMO-0016,30.17
RED-0001113,ORD-00001975,PROMO-0016,48.58
RED-0001114,ORD-00000582,PROMO-0017,66.88
RED-0001115,ORD-00000099,PROMO-0012,70.18
RED-0001116,ORD-00001082,PROMO-0013,64.84
RED-0001117,ORD-00004657,PROMO-0014,28.68
RED-0001118,ORD-00001416,PROMO-0025,36.38
RED-0001119,ORD-00000598,PROMO-0001,44.88
RED-0001120,ORD-00000113,PROMO-0009,17.75
RED-0001121,ORD-00000496,PROMO-0026,31.05
RED-0001122,ORD-00002347,PROMO-0021,54.02
RED-0001123,ORD-00003404,PROMO-0014,53.23
RED-0001124,ORD-00000676,PROMO-0021,41.17
RED-0001125,ORD-00001251,PROMO-0009,8.1
RED-0001126,ORD-00000648,PROMO-0017,69.23
RED-0001127,ORD-00001273,PROMO-0018,25.85
RED-0001128,ORD-00004805,PROMO-0021,57.72
RED-0001129,ORD-00000542,PROMO-0010,53.0
RED-0001130,ORD-00001955,PROMO-0002,19.85
RED-0001131,ORD-00003560,PROMO-0004,35.1
RED-0001132,ORD-00004988,PROMO-0002,24.58
RED-0001133,ORD-00001439,PROMO-0004,2.92
RED-0001134,ORD-00001125,PROMO-0023,2.83
RED-0001135,ORD-00004067,PROMO-0012,40.18
RED-0001136,ORD-00002124,PROMO-0006,29.15
RED-0001137,ORD-00002202,PROMO-0024,66.71
RED-0001138,ORD-00000241,PROMO-0011,60.92
RED-0001139,ORD-00002229,PROMO-0017,6.66
RED-0001140,ORD-00004724,PROMO-0021,7.63
RED-0001141,ORD-00003729,PROMO-0017,28.29
RED-0001142,ORD-00004093,PROMO-0028,43.38
RED-0001143,ORD-00003013,PROMO-0006,20.62
RED-0001144,ORD-00000843,PROMO-0029,43.9
RED-0001145,ORD-00000945,PROMO-0008,56.08
RED-0001146,ORD-00000022,PROMO-0002,64.68
RED-0001147,ORD-00000101,PROMO-0008,5.36
RED-0001148,ORD-00002982,PROMO-0013,69.18
RED-0001149,ORD-00001467,PROMO-0030,72.1
RED-0001150,ORD-00000290,PROMO-0018,60.63
RED-0001151,ORD-00003436,PROMO-0008,25.49
RED-0001152,ORD-00003410,PROMO-0030,54.58
RED-0001153,ORD-00002223,PROMO-0027,7.69
RED-0001154,ORD-00003055,PROMO-0004,38.65
RED-0001155,ORD-00000432,PROMO-0006,18.29
RED-0001156,ORD-00004226,PROMO-0002,71.65
RED-0001157,ORD-00000565,PROMO-0029,35.95
RED-0001158,ORD-00002313,PROMO-0025,63.67
RED-0001159,ORD-00002682,PROMO-0003,42.38
RED-0001160,ORD-00000066,PROMO-0012,16.65
RED-0001161,ORD-00004619,PROMO-0026,24.19
RED-0001162,ORD-00001988,PROMO-0015,28.88
RED-0001163,ORD-00004042,PROMO-0025,58.64
RED-0001164,ORD-00004478,PROMO-0025,60.11
RED-0001165,ORD-00001234,PROMO-0001,70.07
RED-0001166,ORD-00000196,PROMO-0008,41.53
RED-0001167,ORD-00000079,PROMO-0011,2.11
RED-0001168,ORD-00003083,PROMO-0028,55.88
RED-0001169,ORD-00002520,PROMO-0004,16.98
RED-0001170,ORD-00001952,PROMO-0014,37.92
RED-0001171,ORD-00000491,PROMO-0005,53.95
RED-0001172,ORD-00000763,PROMO-0002,69.25
RED-0001173,ORD-00004258,PROMO-0014,53.16
RED-0001174,ORD-00003052,PROMO-0015,73.14
RED-0001175,ORD-00000696,PROMO-0019,8.98
RED-0001176,ORD-00001094,PROMO-0021,61.86
RED-0001177,ORD-00000614,PROMO-0019,43.45
RED-0001178,ORD-00003564,PROMO-0022,72.39
RED-0001179,ORD-00001940,PROMO-0010,21.05
RED-0001180,ORD-00002581,PROMO-0030,60.46
RED-0001181,ORD-00002673,PROMO-0011,35.05
RED-0001182,ORD-00001914,PROMO-0003,70.88
RED-0001183,ORD-00001116,PROMO-0025,58.22
RED-0001184,ORD-00000893,PROMO-0005,9.71
RED-0001185,ORD-00003683,PROMO-0015,24.92
RED-0001186,ORD-00000990,PROMO-0018,28.15
RED-0001187,ORD-00001701,PROMO-0015,24.51
RED-0001188,ORD-00002171,PROMO-0028,10.75
RED-0001189,ORD-00001292,PROMO-0026,52.08
RED-0001190,ORD-00004943,PROMO-0002,17.7
RED-0001191,ORD-00002686,PROMO-0005,8.66
RED-0001192,ORD-00002034,PROMO-0012,30.93
RED-0001193,ORD-00000402,PROMO-0022,23.82
RED-0001194,ORD-00001425,PROMO-0001,71.5
RED-0001195,ORD-00003705,PROMO-0018,56.61
RED-0001196,ORD-00002047,PROMO-0004,35.73
RED-0001197,ORD-00001146,PROMO-0004,2.87
RED-0001198,ORD-00001821,PROMO-0005,16.46
RED-0001199,ORD-00003282,PROMO-0012,52.1
RED-0001200,ORD-00000689,PROMO-0019,44.79
